OBJECTID,poly_SourceOID,poly_IncidentName,poly_FeatureCategory,poly_MapMethod,poly_GISAcres,poly_DeleteThis,poly_FeatureAccess,poly_FeatureStatus,poly_IsVisible,poly_CreateDate,poly_DateCurrent,poly_PolygonDateTime,poly_IRWINID,poly_FORID,poly_Acres_AutoCalc,poly_SourceGlobalID,poly_Source,attr_SourceOID,attr_ABCDMisc,attr_ADSPermissionState,attr_CalculatedAcres,attr_ContainmentDateTime,attr_ControlDateTime,attr_CreatedBySystem,attr_IncidentSize,attr_DiscoveryAcres,attr_DispatchCenterID,attr_EstimatedCostToDate,attr_FinalAcres,attr_FFReportApprovedByTitle,attr_FFReportApprovedByUnit,attr_FFReportApprovedDate,attr_FireBehaviorGeneral,attr_FireBehaviorGeneral1,attr_FireBehaviorGeneral2,attr_FireBehaviorGeneral3,attr_FireCause,attr_FireCauseGeneral,attr_FireCauseSpecific,attr_FireCode,attr_FireDepartmentID,attr_FireDiscoveryDateTime,attr_FireMgmtComplexity,attr_FireOutDateTime,attr_FireStrategyConfinePercent,attr_FireStrategyFullSuppPrcnt,attr_FireStrategyMonitorPercent,attr_FireStrategyPointZonePrcnt,attr_FSJobCode,attr_FSOverrideCode,attr_GACC,attr_ICS209ReportDateTime,attr_ICS209RptForTimePeriodFrom,attr_ICS209RptForTimePeriodTo,attr_ICS209ReportStatus,attr_IncidentManagementOrg,attr_IncidentName,attr_IncidentShortDescription,attr_IncidentTypeCategory,attr_IncidentTypeKind,attr_InitialLatitude,attr_InitialLongitude,attr_InitialResponseAcres,attr_InitialResponseDateTime,attr_IrwinID,attr_IsFireCauseInvestigated,attr_IsFireCodeRequested,attr_IsFSAssisted,attr_IsMultiJurisdictional,attr_IsReimbursable,attr_IsTrespass,attr_IsUnifiedCommand,attr_LocalIncidentIdentifier,attr_ModifiedBySystem,attr_PercentContained,attr_PercentPerimToBeContained,attr_POOCity,attr_POOCounty,attr_POODispatchCenterID,attr_POOFips,attr_POOJurisdictionalAgency,attr_POOJurisdictionalUnit,attr_POOJurisdictUnitParentUnit,attr_POOLandownerCategory,attr_POOLandownerKind,attr_POOLegalDescPrincipalMerid,attr_POOLegalDescQtr,attr_POOLegalDescQtrQtr,attr_POOLegalDescRange,attr_POOLegalDescSection,attr_POOLegalDescTownship,attr_POOPredictiveServiceAreaID,attr_POOProtectingAgency,attr_POOProtectingUnit,attr_POOState,attr_PredominantFuelGroup,attr_PredominantFuelModel,attr_PrimaryFuelModel,attr_SecondaryFuelModel,attr_TotalIncidentPersonnel,attr_UniqueFireIdentifier,attr_FORID,attr_WFDSSDecisionStatus,attr_EstimatedFinalCost,attr_OrganizationalAssessment,attr_StratDecisionPublishDate,attr_CreatedOnDateTime_dt,attr_ModifiedOnDateTime_dt,attr_Source,attr_ActiveFireCandidate,attr_IsCpxChild,attr_CpxName,attr_CpxID,attr_SourceGlobalID,GlobalID,Shape__Area,Shape__Length,attr_IncidentComplexityLevel
37271,2995,Covington Drive,Wildfire Daily Fire Perimeter,Mixed Methods,346.478971642555,No,Public,Approved,Yes,3/2/2025 3:16:46 PM,3/8/2025 4:02:14 PM,3/2/2025 3:17:33 PM,{17400B93-8F32-48E1-B16F-782B002EAE57},,2038.96827020994,{030B44E5-4793-42B9-B8B3-BA84358420CB},2025 NIFS,38360404,,ICS209,3131.1147,,,wildcade,2059,0.1,SCSCC,2880000,,,,,Minimal,Smoldering,Backing,Flanking,Undetermined,,,SF6C,,3/2/2025 3:12:07 PM,,,0,100,0,0,PN,,SACC,4/11/2025 5:21:17 PM,4/8/2025 12:45:00 AM,4/11/2025 5:00:00 PM,U,Type 4 IC,Covington Drive Compact,"2 miles west of Myrtle Beach, SC",WF,FI,33.804617,-78.8596,,,{17400B93-8F32-48E1-B16F-782B002EAE57},,0,,,,,0,250089,ics209,90,100,Myrtle Beach,Horry,SCSCC,45051,FC,SCSCS,,State,Other,,,,,,,SA37,FC,SCSCS,US-SC,,,Southern Rough,Timber (Litter and Understory),5,2025-SCSCS-250089,,No Decision,,,,3/2/2025 3:16:33 PM,4/11/2025 5:21:17 PM,IRWIN,1,0,,,{17400B93-8F32-48E1-B16F-782B002EAE57},236cba3c-ecf9-48bd-b2d1-3aff46603c2d,0.000803162642569077,0.194590091287407,Type 4 Incident
37551,5270,Wood Duck,Wildfire Daily Fire Perimeter,Mixed Methods,6.24,No,Public,Approved,Yes,3/14/2025 6:46:03 PM,3/17/2025 12:38:00 PM,3/14/2025 6:54:02 PM,{8024D1FE-2D49-43CC-B6E9-3797C53D3503},,6.23780872837566,{47B98E97-1DB4-4423-B7F0-44C9985CD093},2025 NIFS,38397079,,DEFAULT,,,,iffrs,6.24,0.01,WIWISC,,6.24,,,,,,,,Human,,,SG8D,,3/14/2025 4:00:00 PM,,,,,,,,,EACC,,,,,,Wood Duck,,WF,FI,43.13694,-91.06918,,,{8024D1FE-2D49-43CC-B6E9-3797C53D3503},,0,,,,,,FIRE123209,iffrs,,,,Crawford,WIWIC,55023,,,,Private,Private,,,,,,,EA05,DNR,WIWIS,US-WI,,,,,,2025-WIWIS-FIRE123209,,No Decision,,,,3/14/2025 4:45:18 PM,4/12/2025 12:09:38 PM,IRWIN,1,0,,,{38092866-DA28-4AA7-BB21-C3A6208968C8},03b7bc67-a391-4f35-be7f-619d429b74e6,2.79291748483956E-06,0.00899059349501673,
37659,5693,RL 006 RIVER ROAD 13,Wildfire Daily Fire Perimeter,Auto-generated for InFORM,400,No,Public,Approved,Yes,3/17/2025 2:47:34 PM,3/18/2025 3:01:59 PM,3/17/2025 6:51:39 PM,{27C52149-8499-4607-BC3C-981E3FDC99FB},,332.280323031519,{3AA8DD3C-E5A5-42FC-85EF-E954268ED0CB},2025 NIFS,38397245,,DEFAULT,,,,wildcad,400,0.1,MNRLC,1000,,,,,Minimal,,Creeping,,Undetermined,,,SG9Y,,3/14/2025 10:40:00 PM,,,0,100,0,0,,,EACC,4/1/2025 8:08:35 PM,4/1/2025 1:00:00 PM,4/1/2025 8:00:00 PM,F,Type 4 IC,RL 006 RIVER ROAD 13,"16 miles NW of the community of Red Lake, MN.",WF,FI,47.92037,-95.37949,,,{27C52149-8499-4607-BC3C-981E3FDC99FB},,0,0,0,0,0,0,000006,ics209,100,100,Red Lake,Clearwater,MNMNCC,27029,BIA,MNRLA,,BIA,Federal,,,,,,,EA01,BIA,MNRLA,US-MN,,,Tall Grass (2.5 feet),Timber (Grass and Understory),1,2025-MNRLA-000006,,No Decision,,,,3/14/2025 10:51:16 PM,4/1/2025 8:08:34 PM,IRWIN,1,0,,,{9839EC98-9FFD-4F8F-ADE8-1FB10DF62A4C},c96e4df7-da07-4065-86f1-1af52a332716,0.000161803618993872,0.0782402067671473,Type 4 Incident
37610,5650,Fifty,Wildfire Daily Fire Perimeter,Mixed Methods,98.272344694481,No,Public,Approved,Yes,3/17/2025 12:44:29 AM,3/17/2025 1:07:02 PM,3/17/2025 1:55:09 AM,{878EE32C-C3C9-4D4B-94F9-8B827557538F},,98.2719960275245,{A53E0567-09F4-4EE8-A779-E05BB5FCAB23},2025 NIFS,38397560,,DEFAULT,,,,firesponse,98,98,TXTIC,,,,,,,,,,Human,Equipment and vehicle use,Passenger vehicle/motorized RV,SHM0,,3/16/2025 9:51:24 PM,Type 5 Incident,,,,,,,,SACC,,,,,,Fifty,,WF,FI,26.48072266,-97.61652726,,,{878EE32C-C3C9-4D4B-94F9-8B827557538F},,0,,,,,0,251315,firesponse,100,,,Willacy,TXTIC,48489,SFS,TXTXS,,Private,Private,,,,,,,SA15,SFS,TXTXS,US-TX,,,Timber (Litter and Understory),,,2025-TXTXS-251315,,No Decision,,,,3/16/2025 10:12:55 PM,4/8/2025 3:43:09 PM,IRWIN,1,0,,,{64EE57F5-42F0-4DAC-91A3-87310648DD77},b72df433-c1d8-4825-9e17-ea6724f91011,3.59933787876798E-05,0.0321627971582483,Type 5 Incident
38389,5726,Sunrise,Wildfire Daily Fire Perimeter,Mixed Methods,2.2,No,Public,Approved,Yes,3/17/2025 5:05:39 PM,4/9/2025 2:20:41 PM,4/9/2025 2:41:14 AM,{5510153E-71E5-4A36-B447-7175193B6B28},,2.20623423920023,{44280264-5353-4412-87F0-C45EE1A38A6E},2025 NIFS,38397685,,DEFAULT,,,,iffrs,2.2,0.01,WIWISC,,2.2,,,,,,,,Human,,,SHS9,,3/17/2025 4:42:00 PM,,,,,,,,,EACC,,,,,,Sunrise,,WF,FI,43.44583,-90.00843,,,{5510153E-71E5-4A36-B447-7175193B6B28},,0,,,,,,FIRE123240,iffrs,,,,Sauk,WIWIC,55111,,,,Private,Private,,,,,,,EA05,DNR,WIWIS,US-WI,,,,,,2025-WIWIS-FIRE123240,,No Decision,,,,3/17/2025 5:05:24 PM,4/10/2025 3:04:28 PM,IRWIN,1,0,,,{7096E95E-39BB-47BF-9CA1-8C70A2508411},0ad4d7d2-80e1-4398-b66d-751f82196fb4,9.92768718788284E-07,0.00441832219466991,
38241,5736,Akron,Wildfire Daily Fire Perimeter,Mixed Methods,0.17,No,Public,Approved,Yes,3/17/2025 5:48:28 PM,4/3/2025 12:39:08 PM,3/29/2025 4:46:29 PM,{F9E18A83-8B4B-40F6-8E25-07BDBA8E4DE1},,0.173744076273746,{D138B6E0-7730-4893-B6B0-AA4F1FB79659},2025 NIFS,38397698,,DEFAULT,,,,iffrs,0.17,0.01,WIWISC,,0.17,,,,,,,,Human,,,SHT5,,3/17/2025 5:39:00 PM,,,,,,,,,EACC,,,,,,Akron,,WF,FI,44.2451,-89.51251,,,{F9E18A83-8B4B-40F6-8E25-07BDBA8E4DE1},,0,,,,,,FIRE123244,iffrs,,,,Portage,WIWIC,55097,,,,Private,Private,,,,,,,EA05,DNR,WIWIS,US-WI,,,,,,2025-WIWIS-FIRE123244,,No Decision,,,,3/17/2025 5:48:04 PM,4/10/2025 8:28:01 PM,IRWIN,1,0,,,{514887C0-8E79-4CC4-8893-62DA3D453F89},cd95a761-7b47-4356-91d4-3fdc0dd6baa8,7.92192622611765E-08,0.00124283584959362,
37647,7214,Big Island,Wildfire Daily Fire Perimeter,Mixed Methods,810.56,No,Public,Approved,Yes,3/25/2025 6:33:59 PM,3/25/2025 6:33:59 PM,3/25/2025 6:22:23 PM,{2F26579E-7210-4161-BAC2-FF3CC77CFC50},,811.095715389048,{2B7D62FD-0A81-448F-8708-466FC1D0B9FB},2025 NIFS,38397759,,DEFAULT,,,,iffrs,810.56,2,WIWISC,15000,810.56,,,,Minimal,,,,Human,,,SHW6,,3/17/2025 9:15:00 PM,,,0,100,0,0,,,EACC,3/20/2025 5:58:42 PM,3/20/2025 12:00:00 PM,3/20/2025 5:00:00 PM,F,Type 4 IC,Big Island,". Seven miles southwest of Berlin, W",WF,FI,43.92567,-89.06903,,,{2F26579E-7210-4161-BAC2-FF3CC77CFC50},,0,,,,,0,FIRE123252,iffrs,100,100,,Green Lake,WIWIC,55047,DNR,WIWIS,,State,Other,,,,,,,EA05,DNR,WIWIS,US-WI,,,Tall Grass (2.5 feet),,10,2025-WIWIS-FIRE123252,,No Decision,,,,3/17/2025 9:38:39 PM,4/12/2025 7:15:54 PM,IRWIN,1,0,,,{1E21D1FC-358C-498B-AC1F-5B79550D750A},b7a74ea7-2953-425b-8d01-5022d8cd0331,0.000367911804687537,0.102218867387008,Type 4 Incident
37653,5802,Pintail ,Wildfire Daily Fire Perimeter,Mixed Methods,0.84,No,Public,Approved,Yes,3/17/2025 10:48:17 PM,4/4/2025 7:57:41 PM,3/17/2025 10:29:35 PM,{C11AFDFC-282D-42B6-B576-3469CDE27332},,0.843374573797402,{4DBB3D8D-7731-429E-ABEA-CF78858D7E6E},2025 NIFS,38397766,,DEFAULT,,,,iffrs,0.84,0.01,WIWISC,,0.84,,,,,,,,Human,,,SHW8,,3/17/2025 10:00:00 PM,,,,,,,,,EACC,,,,,,Pintail,,WF,FI,43.12479,-90.46495,,,{C11AFDFC-282D-42B6-B576-3469CDE27332},,0,,,,,,FIRE123253,iffrs,,,,Grant,WIWIC,55043,,,,Private,Private,,,,,,,EA05,DNR,WIWIS,US-WI,,,,,,2025-WIWIS-FIRE123253,,No Decision,,,,3/17/2025 10:03:33 PM,4/11/2025 12:12:10 PM,IRWIN,1,0,,,{8AD800DD-2A7D-4BA3-81BC-1417A5B95FD9},a01bfb6f-42f7-45e2-b4dc-996fadcc37fb,3.77530795958592E-07,0.00358436649153671,
37675,5913,Clover,Wildfire Daily Fire Perimeter,Mixed Methods,27.61,No,Public,Approved,Yes,3/18/2025 5:42:36 PM,3/18/2025 8:21:16 PM,3/18/2025 6:10:20 PM,{3B960DB6-963B-42B8-BE0B-0FD2C47EFCBC},,27.6183825770688,{1E4E001B-2005-40C1-A9AC-F5826463D3E5},2025 NIFS,38397771,,DEFAULT,,,,iffrs,27.61,0.5,WIWISC,,27.61,,,,,,,,Human,,,SHX1,,3/17/2025 10:00:00 PM,,,,,,,,,EACC,,,,,,Clover,,WF,FI,44.00088,-89.70692,,,{3B960DB6-963B-42B8-BE0B-0FD2C47EFCBC},,0,,,,,,FIRE123255,iffrs,,,,Adams,WIWIC,55001,,,,Private,Private,,,,,,,EA05,DNR,WIWIS,US-WI,,,,,,2025-WIWIS-FIRE123255,,No Decision,,,,3/17/2025 10:09:04 PM,4/12/2025 7:27:12 PM,IRWIN,1,0,,,{BDD2CF1F-D369-4BB3-9DB6-ECFC151EF8FD},740c415d-edf9-43f7-800e-07a5ba6bde4d,1.2541956266432E-05,0.0232817862619265,
37777,5941,Swan ,Wildfire Daily Fire Perimeter,Phone/Tablet,19.33,No,Public,Approved,Yes,3/18/2025 7:55:38 PM,3/25/2025 2:48:42 PM,3/18/2025 8:05:51 PM,{1EE45CDD-42FF-4781-B801-B5CD1060DD87},,19.3408066899401,{133327F4-7696-4662-A555-4E9913E97E76},2025 NIFS,38397926,,DEFAULT,,,,iffrs,19.33,0.01,WIWISC,,19.33,,,,,,,,Human,,,SH0N,,3/18/2025 4:55:00 PM,,,,,,,,,EACC,,,,,,Swan,,WF,FI,43.36756,-90.85785,,,{1EE45CDD-42FF-4781-B801-B5CD1060DD87},,0,,,,,,FIRE123261,iffrs,,,,Crawford,WIWIC,55023,,,,Private,Private,,,,,,,EA05,DNR,WIWIS,US-WI,,,,,,2025-WIWIS-FIRE123261,,No Decision,,,,3/18/2025 5:08:13 PM,4/12/2025 11:32:00 AM,IRWIN,1,0,,,{7F5E3E72-C1C5-4118-8FF5-DE0D9E5A2CF1},e83c738e-03d8-4db0-99c8-1c301916ffa8,8.69223003974184E-06,0.0227181163577571,
37699,6183,Helicopter Electrical,Wildfire Daily Fire Perimeter,Mixed Methods,0.0319996013903701,No,Public,Approved,Yes,3/19/2025 7:18:54 PM,3/19/2025 7:21:06 PM,,{350F2977-C8CB-4BF9-9BFB-41BC9B6C49AD},,0.0319994743263131,{5C83D706-53DE-45C4-8F4D-B4BBB48352F9},2025 NIFS,38398038,,DEFAULT,,,,firecode,,,VAVIC,,,,,,,,,,,,,SH1T,,3/18/2025 8:32:00 PM,,,,,,,,,SACC,,,,,,HELICOPTER ELECTRICAL,,WF,FI,,,,,{350F2977-C8CB-4BF9-9BFB-41BC9B6C49AD},,0,0,0,0,0,,250005,INFORM_Inspector,,,,Rappahannock,VAVIC,51157,NPS,VASHP,,NPS,Federal,,,,,,,SA29,NPS,VASHP,US-VA,,,,,,2025-VASHP-250005,,No Decision,,,,3/18/2025 10:34:15 PM,4/11/2025 4:49:46 PM,IRWIN,1,0,,,{6A0E3578-1179-478B-9051-F5195A6E9206},4fec5b98-72cd-4a9d-b9af-c9d33b0bd97e,1.97458120965166E-08,0.000663372538650354,
37776,6109,Cave,Wildfire Daily Fire Perimeter,Phone/Tablet,28.22,No,Public,Approved,Yes,3/19/2025 2:28:42 PM,4/11/2025 1:01:54 PM,3/19/2025 6:11:30 PM,{FE71CA58-0498-4194-8DF6-C0B27EF63053},,28.2658453731476,{791D5593-22ED-4D9B-B2A9-8F4F078210F4},2025 NIFS,38398262,,DEFAULT,,,,iffrs,28.22,28.3,WIWISC,,28.22,,,,,,,,Human,,,SH33,,3/19/2025 12:20:00 AM,,,,,,,,,EACC,,,,,,Cave,,WF,FI,43.51891,-90.45831,,,{FE71CA58-0498-4194-8DF6-C0B27EF63053},,0,,,,,,FIRE123269,iffrs,,,,Richland,WIWIC,55103,,,,Private,Private,,,,,,,EA05,DNR,WIWIS,US-WI,,,,,,2025-WIWIS-FIRE123269,,No Decision,,,,3/19/2025 6:11:10 PM,4/12/2025 11:36:42 AM,IRWIN,1,0,,,{52EFC050-ADF8-4F85-B126-86CC0D09E03E},2b544c58-d0d7-4c46-bb53-85272f37c6f1,1.27339219488931E-05,0.0321318440855686,
37820,7884,Black Cove,Wildfire Daily Fire Perimeter,Auto-generated,3501.50322869237,No,Public,Approved,Yes,3/29/2025 11:12:37 AM,4/3/2025 9:26:48 PM,,{95C3C8D3-BA4E-435B-A996-D469B449DEF5},,3501.49080375138,{C3E4B569-5B19-47A2-A675-1B15148EEC63},2025 NIFS,38398352,,DEFAULT,5970.4446,,,IROC,3502,,NCNCSC,3792811,,,,,Minimal,,Flanking,Running,Human,,,SH4S,,3/19/2025 7:00:00 PM,,,0,100,0,0,PN,1532,SACC,4/10/2025 8:34:32 PM,4/9/2025 8:00:00 PM,4/10/2025 8:00:00 PM,F,Type 4 IC,Black Cove,"Off Green River Cove Road, 4.5 miles NE of Saluda",WF,FI,,,,,{95C3C8D3-BA4E-435B-A996-D469B449DEF5},,0,1,0,0,0,0,250019,ics209,100,100,Saluda,Polk,NCNCSC,37149,DFR,NCNCS,,State,Other,,,,,,,SA32,DFR,NCNCS,US-NC,,,Hardwood Litter,Light Logging Slash,46,2025-NCNCS-250019,,No Decision,,,,3/19/2025 10:02:29 PM,4/10/2025 8:34:32 PM,IRWIN,1,0,,,{2117573F-086B-4639-913D-91737CA02AD7},e61b2f52-bd21-499c-b947-3b2498e42c7d,0.001403880969292,0.402009458206925,Type 4 Incident
37821,6479,Deep Woods,Wildfire Daily Fire Perimeter,Auto-generated,3975.45396769875,No,Public,Approved,Yes,3/20/2025 10:39:59 PM,4/3/2025 9:26:48 PM,3/20/2025 10:39:59 PM,{3CA6EA30-401D-4FAC-B023-C3FBA0779B9D},,3975.43986147229,{E6523B04-C11B-4BD6-AB8F-A8ACAF2FB4EA},2025 NIFS,38398483,,DEFAULT,,,,IROC,3969,,NCNCSC,3792811,,,,,Minimal,,Flanking,Running,Undetermined,,,SH5N,,3/20/2025 12:00:00 AM,,,0,100,0,0,,,SACC,4/10/2025 8:48:41 PM,4/9/2025 8:00:00 PM,4/10/2025 8:00:00 PM,F,Type 4 IC,DEEP WOODS,"3.5 miles NE of Saluda, NC",WF,FI,,,,,{3CA6EA30-401D-4FAC-B023-C3FBA0779B9D},,0,,,,,0,250021,ics209,100,100,Saluda,Polk,NCNCSC,37149,,,,Private,Private,,,,,,,SA32,DFR,NCNCS,US-NC,,,Hardwood Litter,Timber (Grass and Understory),28,2025-NCNCS-250021,,No Decision,,,,3/20/2025 12:39:57 PM,4/10/2025 8:48:41 PM,IRWIN,1,0,,,{6D40D7CD-8F40-4238-A1AE-E22BE535A60F},e36c4309-5fe9-4d6f-89d0-737f87e19f31,0.00159408212380185,0.341792780145659,Type 4 Incident
37841,6587,Fish Hook,Wildfire Daily Fire Perimeter,Auto-generated,199.173663486657,No,Public,Approved,Yes,3/21/2025 8:22:06 PM,4/3/2025 9:26:48 PM,3/21/2025 8:22:06 PM,{46761E5F-0271-4EDF-82F1-074D7AFF9C35},,199.172956559422,{936FDF7F-789A-47AE-940A-A3F3894831A8},2025 NIFS,38398793,,DEFAULT,,,,ics209,199,,NCNCSC,100000,,,,,Minimal,,Creeping,Smoldering,Human,,,,,3/20/2025 9:00:00 PM,,,0,100,0,0,,,SACC,4/3/2025 7:58:28 PM,4/2/2025 8:00:00 PM,4/3/2025 7:45:00 PM,F,Type 3 Team,Fish Hook,"Approximately 5 miles of Mill Spring, NC",WF,FI,,,,,{46761E5F-0271-4EDF-82F1-074D7AFF9C35},,0,,,,,0,250024,ics209,100,100,Mill Spring,Polk,NCNCSC,37149,,,,Private,Private,,,,,,,SA32,DFR,NCNCS,US-NC,,,Hardwood Litter,Timber (Grass and Understory),1,2025-NCNCS-250024,,No Decision,,,,3/21/2025 8:21:57 PM,4/3/2025 7:58:28 PM,IRWIN,1,0,,,{BEC3B6AB-C056-4E40-B1E0-F368B4629900},a483ef51-ec66-42f5-b8f5-b488053c4681,7.9920464031602E-05,0.0546875972655826,Type 1 Incident
38414,6583,Spring,Wildfire Daily Fire Perimeter,Auto-generated for InFORM,327.44,No,Public,Approved,Yes,3/21/2025 7:51:05 PM,4/10/2025 6:50:58 PM,3/26/2025 8:07:56 PM,{E08893B8-8A0B-4DE1-AF33-84812FEAD085},,318.761236496368,{B95B1D3B-9BF8-4A4B-97E0-5092D201F7FB},2025 NIFS,38398785,,DEFAULT,,,,wildcade,327.44,327.44,MTLEC,100,,,,,Minimal,,,,Undetermined,,,SH8G,,3/20/2025 9:15:00 PM,,,0,100,0,0,,,NRCC,3/26/2025 8:07:42 PM,3/20/2025 9:30:00 PM,3/26/2025 8:00:00 PM,F,Type 5 IC,Spring,Six miles east of Brockton,WF,FI,48.164444,-104.791278,,,{E08893B8-8A0B-4DE1-AF33-84812FEAD085},,0,1,,,,0,000020,INFORM_Inspector,100,100,,Roosevelt,MTLEC,30085,BIA,MTFPA,,Tribal,Other,,,,,,,NR15,BIA,MTFPA,US-MT,,,Short Grass (1 foot),,,2025-MTFPA-000020,,No Decision,,,,3/21/2025 7:50:47 PM,4/10/2025 6:53:43 PM,IRWIN,1,0,,,{28E63062-8ECE-48E3-BAF6-1C7452FEF484},3533a1e9-4b25-4abf-8cc8-5d1bf52c5d02,0.000155947678194934,0.0812079143246976,
37899,7288,Fernadez,Wildfire Daily Fire Perimeter,Mixed Methods,564.821247874565,No,Public,Approved,Yes,3/25/2025 10:17:42 PM,4/1/2025 11:47:47 AM,,{7A8661C8-36A1-43B4-97B6-E0F56767862D},,564.056587958668,{3D82D246-4FD3-4A26-B1F7-92F6837481F8},2025 NIFS,38398735,,ICS209,205.0522,,,wildcade,565,10,FLFIC,640000,,,,,Minimal,Smoldering,Creeping,Single Tree Torching,Undetermined,,,SH7W,,3/21/2025 5:02:00 PM,,,0,50,50,0,P8,0805,SACC,4/10/2025 9:00:39 PM,4/3/2025 7:00:00 PM,4/10/2025 8:00:00 PM,F,Type 4 IC,Fernadez,USFS,WF,FI,29.028883,-81.436367,,,{7A8661C8-36A1-43B4-97B6-E0F56767862D},,0,,,,,0,000846,ics209,100,100,,Lake,FLFIC,12069,USFS,FLFNF,,USFS,Federal,,,,,,,SA49,USFS,FLFNF,US-FL,,,Southern Rough,Timber (Litter and Understory),9,2025-FLFNF-000846,,Approved Decision,346000,Type 3 Team,3/23/2025 9:48:54 PM,3/21/2025 5:05:13 PM,4/10/2025 9:00:39 PM,IRWIN,1,0,,,{444CF4E0-0E98-4B42-A262-BC1820D9B776},7d361225-3623-4481-a800-54aae23e2c7f,0.000211432435435199,0.115744890757874,Type 4 Incident
37908,7791,Table Rock,Wildfire Daily Fire Perimeter,Mixed Methods,13845.2002799647,No,Public,Approved,Yes,3/28/2025 6:12:44 PM,4/2/2025 8:11:11 PM,,{20616F64-CA32-4E0F-920D-95FEB034CFBA},,13845.1511641981,{F4FD7502-807A-40A2-8E85-27DB2FA87CED},2025 NIFS,38398916,,ICS209,1074.6271,,,wildcade,13210,10,SCSCC,7072754,,,,,Active,Single Tree Torching,Uphill Runs,Spotting,Undetermined,,,SH9B,,3/22/2025 1:26:00 PM,,,0,100,0,0,PN,1532,SACC,4/8/2025 1:12:32 AM,3/23/2025 10:00:00 PM,3/24/2025 12:00:00 AM,F,Type 3 IC,TABLE ROCK,"4 miles NE of Sunset, South Carolina in Table Rock State Park",WF,FI,35.036733,-82.71055,,,{20616F64-CA32-4E0F-920D-95FEB034CFBA},,0,1,,,,0,250123,ics209,91,100,"Sunset, SC",Pickens,SCSCC,45077,FC,SCSCS,,State,Other,,,,,,,SA31C,FC,SCSCS,US-SC,,,Hardwood Litter,Timber (Litter and Understory),63,2025-SCSCS-250123,,No Decision,,,,3/22/2025 3:42:29 PM,4/8/2025 1:12:32 AM,IRWIN,1,1,Table Rock Complex,{C046F9A7-EE7C-4DA1-A349-DB6CAE0BDBC5},{FFA4758E-085C-41CD-A9A8-FD84FD1ECDFF},d17fdb58-2a24-44c8-82e8-6f1a1bab863c,0.00553644630849703,0.751933132880878,Type 3 Incident
38454,9165,COMPARTMENT 17,Wildfire Daily Fire Perimeter,Hand Sketch,0.08,No,Public,Approved,Yes,4/11/2025 7:01:14 PM,4/11/2025 7:01:14 PM,4/1/2025 4:00:00 PM,{B03210A0-D130-406C-8959-D5CF0728BB92},,0.0789241336073248,{51638B5E-CA91-4C1A-B913-640FE46A8806},2025 NIFS,38399366,,DEFAULT,,,,firecode,,,GAGIC,,,,,,,,,,,,,SJH2,,3/22/2025 5:10:00 PM,,,,,,,,,SACC,,,,,,COMPARTMENT 17,,WF,FI,,,,,{B03210A0-D130-406C-8959-D5CF0728BB92},,0,0,0,0,0,,024003,INFORM_Inspector,,,,Jones,GAGIC,13169,FWS,GAPDR,,USFWS,Federal,,,,,,,SA41,FWS,GAPDR,US-GA,,,,,,2025-GAPDR-024003,,No Decision,,,,3/24/2025 4:59:45 PM,4/11/2025 6:42:09 PM,IRWIN,1,0,,,{B7F29CF9-9C5B-4FC5-8021-B53974DE7E70},3fb60a48-2831-4303-9825-db2681d140e1,3.08500602841377E-08,0.0021594223747272,
38452,9160,COMPARTMENT 21/22,Wildfire Daily Fire Perimeter,Hand Sketch,10.73,No,Public,Approved,Yes,4/11/2025 6:58:21 PM,4/11/2025 6:58:21 PM,4/11/2025 6:58:20 PM,{A6AC8488-5B80-4B0F-B1A0-398A55EE3608},,10.7269869169899,{1BFD8CC1-96A4-4970-83C9-6EA24090F942},2025 NIFS,38399369,,DEFAULT,,,,firecode,,,GAGIC,,,,,,,,,,,,,SJH4,,3/22/2025 5:12:00 PM,,,,,,,,,SACC,,,,,,COMPARTMENT 21/22,,WF,FI,,,,,{A6AC8488-5B80-4B0F-B1A0-398A55EE3608},,0,1,0,0,0,,024005,INFORM_Inspector,,,,Jones,GAGIC,13169,FWS,GAPDR,,USFWS,Federal,,,,,,,SA41,FWS,GAPDR,US-GA,,,,,,2025-GAPDR-024005,,No Decision,,,,3/24/2025 5:03:46 PM,4/11/2025 7:01:36 PM,IRWIN,1,0,,,{E581FB5E-2987-4800-AA2E-34392F9739E7},80d6cd24-13c3-4728-8162-b95611958442,4.19289972342085E-06,0.00961469288732616,
38453,9166,COMPARTMENT 25,Wildfire Daily Fire Perimeter,Hand Sketch,0.78,No,Public,Approved,Yes,4/11/2025 7:02:10 PM,4/11/2025 7:02:10 PM,3/22/2025 9:00:00 PM,{7CA5870E-E75B-4922-B21B-C345ADE30CA1},,0.782259315354239,{58034111-C28D-40B6-883D-C734A1B9CFA4},2025 NIFS,38399371,,DEFAULT,,,,firecode,,,GAGIC,,,,,,,,,,,,,SJH6,,3/22/2025 5:15:00 PM,,,,,,,,,SACC,,,,,,COMPARTMENT 25,,WF,FI,,,,,{7CA5870E-E75B-4922-B21B-C345ADE30CA1},,0,1,0,0,0,,024006,INFORM_Inspector,,,,Jones,GAGIC,13169,FWS,GAPDR,,USFWS,Federal,,,,,,,SA41,FWS,GAPDR,US-GA,,,,,,2025-GAPDR-024006,,No Decision,,,,3/24/2025 5:05:07 PM,4/11/2025 6:50:11 PM,IRWIN,1,0,,,{C42AF04B-4439-4399-A877-614D17AF09B0},b58fa202-6bff-4e0c-af6f-7fbf702651ca,3.05800085698138E-07,0.00411759039905201,
37893,7649,Big Ridge,Wildfire Daily Fire Perimeter,Mixed Methods,3434.37610100419,No,Public,Approved,Yes,3/27/2025 10:19:04 PM,4/3/2025 6:39:11 PM,3/29/2025 7:03:53 PM,{B7528AB7-A466-4ED7-9725-8B8F64C9EA26},,3434.36391392935,{F4E8DE2F-E900-4BF7-B344-20F5DD6C38F9},2025 NIFS,38398975,,ICS209,209.7825,,,wildcade,3434,20,GAGIC,5090800,,,,,Minimal,Smoldering,Smoldering,Smoldering,Undetermined,,,SH9T,,3/22/2025 6:06:00 PM,,,0,100,0,0,P8,0803,SACC,4/11/2025 11:02:28 PM,4/8/2025 9:15:00 PM,4/9/2025 9:15:00 PM,F,Type 3 Team,Big Ridge,8 Miles NE of Clayton GA,WF,FI,34.946333,-83.2815,,,{B7528AB7-A466-4ED7-9725-8B8F64C9EA26},,0,1,,1,,0,000079,ics209,100,100,Clayton,Rabun,GAGIC,13241,USFS,GACHF,,USFS,Federal,,,,,,,SA31B,USFS,GACHF,US-GA,,,Hardwood Litter,Timber (Litter and Understory),55,2025-GACHF-000079,,Approved Decision,1700000,Type 3 Team,3/24/2025 10:03:03 PM,3/22/2025 7:56:35 PM,4/11/2025 11:02:28 PM,IRWIN,1,0,,,{D725551D-C450-4475-89FE-FF86C68991C7},d73f6442-6d83-4cf2-9c1f-bc79935b51d1,0.00137141869186053,0.285930572736196,Type 3 Incident
37956,7031,Masked,Wildfire Daily Fire Perimeter,Mixed Methods,0.535898051550185,No,Public,Approved,Yes,3/24/2025 4:09:10 PM,3/25/2025 3:01:47 PM,,{7DA40C6C-C310-4E01-B9C2-C7CF7101124B},,0.535898066040881,{998AF610-C99A-4AEE-8A00-4DCDCBD4BAA9},2025 NIFS,38399338,,DEFAULT,,,,iffrs,0.01,0.01,WIWISC,,0.01,,,,,,,,Human,,,SJG0,,3/22/2025 10:15:00 PM,,,,,,,,,EACC,,,,,,Masked,,WF,FI,43.10205,-90.27082,,,{7DA40C6C-C310-4E01-B9C2-C7CF7101124B},,0,,,,,,FIRE123298,iffrs,,,,Iowa,WIWIC,55049,,,,Private,Private,,,,,,,EA05,DNR,WIWIS,US-WI,,,,,,2025-WIWIS-FIRE123298,,No Decision,,,,3/24/2025 3:23:51 PM,4/11/2025 12:18:44 PM,IRWIN,1,0,,,{DA478CF6-170D-4AA2-9BF8-066521A01B10},4ae87550-a83b-4042-ba62-99024f250273,2.39796236201073E-07,0.0062344897544777,
37910,7612,Persimmon Ridge,Wildfire Daily Fire Perimeter,Mixed Methods,2128.27009157887,No,Public,Approved,Yes,3/27/2025 9:07:36 PM,4/2/2025 8:10:42 PM,,{92754240-A729-4798-B6B2-E8A7C0B97B18},,2128.2625409902,{80166ABF-9CFD-4766-9DFE-DEFECD9CED32},2025 NIFS,38399194,,ICS209,849.2282,,,wildcade,2128,300,SCSCC,1194800,,,,,Active,,,,Undetermined,,,SJD0,,3/23/2025 6:46:32 PM,,,0,100,0,0,PN,1532,SACC,4/8/2025 1:12:38 AM,3/23/2025 10:46:00 PM,3/24/2025 12:00:00 AM,F,Type 3 IC,Persimmon Ridge,Caesar's Head,WF,FI,35.092356,-82.581117,,,{92754240-A729-4798-B6B2-E8A7C0B97B18},,0,1,,,,0,250127,ics209,99,100,,Greenville,SCSCC,45045,FC,SCSCS,,State,Other,,,,,,,SA31C,FC,SCSCS,US-SC,,,Hardwood Litter,Heavy Logging Slash,,2025-SCSCS-250127,,No Decision,,,,3/23/2025 7:21:29 PM,4/8/2025 1:12:38 AM,IRWIN,1,1,Table Rock Complex,{C046F9A7-EE7C-4DA1-A349-DB6CAE0BDBC5},{63045A77-A358-4ED3-9523-C2D9F5739231},5281d188-935d-450d-9b6c-50be037a64d5,0.000851400242481759,0.215559715861452,Type 3 Incident
37993,7009,Persimmon Ridge,Wildfire Daily Fire Perimeter,Mixed Methods,996.322197183919,No,Public,Approved,Yes,3/23/2025 6:55:17 PM,3/26/2025 1:22:29 AM,,{C046F9A7-EE7C-4DA1-A349-DB6CAE0BDBC5},,996.318676819203,{3E3B0DC3-38E7-4407-AD48-B912F8749D2F},2025 NIFS,38399437,,ICS209,,,,wildcade,15973,0.1,SCSCC,8916396,,,,,Minimal,Smoldering,Smoldering,Smoldering,Undetermined,,,SJM2,,3/24/2025 3:05:25 PM,,,0,100,0,0,PN,1532,SACC,4/8/2025 1:12:30 AM,4/8/2025 12:45:00 AM,4/8/2025 1:00:00 AM,F,Type 4 IC,Table Rock Complex,"4 miles NE of Sunset, SC in Table Rock State Park & Caesars Head State Park.",CX,FM,43.6167,-116.2,,,{C046F9A7-EE7C-4DA1-A349-DB6CAE0BDBC5},,0,1,0,0,0,0,250129,ics209,100,100,"Sunset,SC",Greenville,SCSCC,45045,,,,Private,Private,,,,,,,SA31C,FC,SCSCS,US-SC,,,Timber (Litter and Understory),Hardwood Litter,132,2025-SCSCS-250129,,No Decision,,,,3/24/2025 7:40:05 PM,4/8/2025 1:12:30 AM,IRWIN,1,0,,,{DEC849ED-E3F5-4725-8B6D-5DC4710587AF},409cfd46-5700-4be8-be56-11b15fbfdf7c,0.000398556830077723,0.097134732292728,Type 4 Incident
38037,7367,ALARKA #5,Wildfire Daily Fire Perimeter,Mixed Methods,1574.6339763266,No,Public,Approved,Yes,3/26/2025 3:25:07 PM,4/1/2025 6:37:36 PM,3/26/2025 7:39:31 PM,{C54B0F23-E5E8-484D-8EAB-704AF2FBF666},,1574.63468040536,{59116DB2-447A-4582-AC35-E7AB9090C7F9},2025 NIFS,38399811,,DEFAULT,,,,IROC,1575,,NCNCSC,1048103.73,,,,,Minimal,,Smoldering,Spotting,Undetermined,,,SJW1,,3/25/2025 7:00:00 PM,,,0,100,0,0,PN,1532,SACC,4/8/2025 9:41:14 PM,4/7/2025 11:00:00 PM,4/8/2025 9:05:00 PM,F,Type 4 IC,ALARKA #5,5 Miles SSE of  Bryson City. South of HWY 74 and north of Alarka Road,WF,FI,,,,,{C54B0F23-E5E8-484D-8EAB-704AF2FBF666},,0,1,,,,0,250034,ics209,100,100,Bryson City,Swain,NCNCSC,37173,,,,Private,Private,,,,,,,SA31A,DFR,NCNCS,US-NC,,,Hardwood Litter,Brush (2 feet),2,2025-NCNCS-250034,,No Decision,,,,3/26/2025 1:09:14 PM,4/8/2025 9:41:14 PM,IRWIN,1,0,,,{6BA544B0-41E2-45B6-A81D-7327A4F3A47A},e9b7a86a-404a-40cb-aac5-59357aae0290,0.000632038074172669,0.161290831639293,Type 4 Incident
38078,7290,Eagle,Wildfire Daily Fire Perimeter,Mixed Methods,1.53224100497025,No,Public,Approved,Yes,3/25/2025 10:19:33 PM,3/30/2025 3:23:09 PM,3/25/2025 10:19:34 PM,{B161148B-FDEE-4C57-9EDA-8ACA6317CE93},,1.53224104896005,{491ECFBE-7B78-4A97-868F-CFE83BECA80F},2025 NIFS,38399854,,DEFAULT,,,,iffrs,1.53,0.01,WIWISC,,1.53,,,,,,,,Human,,,SJX4,,3/25/2025 8:55:00 PM,,,,,,,,,EACC,,,,,,Eagle,,WF,FI,44.3149,-90.03924,,,{B161148B-FDEE-4C57-9EDA-8ACA6317CE93},,0,,,,,,FIRE123308,iffrs,,,,Wood,WIWIC,55141,,,,Private,Private,,,,,,,EA05,DNR,WIWIS,US-WI,,,,,,2025-WIWIS-FIRE123308,,No Decision,,,,3/26/2025 2:34:12 PM,4/12/2025 7:38:07 PM,IRWIN,1,0,,,{7E1B847A-0AB1-495C-B666-5DDA47C2433D},d1341a61-70d5-45b8-a4c3-c1def3f522f5,6.99522388458718E-07,0.00500752627994541,
38413,7298,Cottonwood,Wildfire Daily Fire Perimeter,Auto-generated for InFORM,753,No,Public,Approved,Yes,3/25/2025 10:53:36 PM,4/10/2025 6:47:08 PM,3/26/2025 8:03:29 PM,{D95D861F-7D87-4EDA-A5FD-DDFFE87B41B8},,606.176188963199,{25D887DB-5071-4D5B-9109-801BBEA82EC7},2025 NIFS,38399750,,DEFAULT,,,,wildcade,753,583.75,MTLEC,10000,,,,,Minimal,,,,Undetermined,,,SJV4,,3/25/2025 10:49:48 PM,,,0,100,0,0,,,NRCC,3/26/2025 8:03:05 PM,3/25/2025 11:00:00 PM,3/26/2025 7:45:00 PM,F,Type 5 IC,Cottonwood,SW of Brockton,WF,FI,48.10692,-105.04257,,,{D95D861F-7D87-4EDA-A5FD-DDFFE87B41B8},,0,1,,,,0,000022,INFORM_Inspector,100,100,,Roosevelt,MTLEC,30085,BIA,MTFPA,,Tribal,Other,,,,,,,NR15,BIA,MTFPA,US-MT,,,Short Grass (1 foot),,,2025-MTFPA-000022,,No Decision,,,,3/25/2025 10:53:28 PM,4/10/2025 6:47:09 PM,IRWIN,1,0,,,{881A9E7D-BE6C-4125-BD59-ED8D53A2A11F},14d58a76-67c8-4e9a-8982-146d6dcacc54,0.000323843805745128,0.114426110142501,
38124,7876,Rattlesnake Branch,Wildfire Daily Fire Perimeter,Mixed Methods,1857.74191832542,No,Public,Approved,Yes,3/29/2025 2:33:57 AM,4/9/2025 11:16:51 PM,3/28/2025 5:00:00 PM,{043587D6-9889-4A91-A30A-EC036C3C6CDF},,1857.73532056686,{A09BF924-0D9F-4885-81D9-F276B2171198},2025 NIFS,38400110,,DEFAULT,,,,ics209,1858,,NCNCSC,2530000,,,,,Minimal,,Backing,Smoldering,Undetermined,,,SJ1N,,3/26/2025 5:29:00 PM,,,74,26,0,0,PN,1532,SACC,4/10/2025 2:28:17 PM,4/10/2025 11:00:00 AM,4/10/2025 1:00:00 PM,F,Type 3 IC,Rattlesnake Branch,Cruso community approx 11 miles SE of Waynesville,WF,FI,,,,,{043587D6-9889-4A91-A30A-EC036C3C6CDF},,0,1,,,,0,250035,ics209,26,100,Cruso,Haywood,NCNCSC,37087,,,,Private,Private,,,,,,,SA31A,DFR,NCNCS,US-NC,,,Hardwood Litter,"Dormant Brush, Hardwood Slash",31,2025-NCNCS-250035,,No Decision,,,,3/27/2025 2:42:03 PM,4/10/2025 2:28:17 PM,IRWIN,1,0,,,{CA8A032D-AF59-4CD0-A9F6-58CC72BAAF2C},8821bfbb-bfbe-405b-8ed5-f806825d4d09,0.000745995489069173,0.281374968914657,Type 3 Incident
38102,7425,Falcon,Wildfire Daily Fire Perimeter,Mixed Methods,4.2,No,Public,Approved,Yes,3/26/2025 8:04:48 PM,3/28/2025 6:17:49 PM,3/28/2025 5:46:37 PM,{D9E781D0-6B00-4E43-8FF3-7A4106F1DE62},,4.20363020068316,{71B1DB24-113F-497C-97CD-DAB06C228FE2},2025 NIFS,38399956,,DEFAULT,,,,iffrs,4.2,0.01,WIWISC,,4.2,,,,,,,,Human,,,SJ0Q,,3/26/2025 7:55:00 PM,,,,,,,,,EACC,,,,,,Falcon,,WF,FI,44.22992,-89.93795,,,{D9E781D0-6B00-4E43-8FF3-7A4106F1DE62},,0,,,,,,FIRE123321,iffrs,,,,Juneau,WIWIC,55057,,,,Private,Private,,,,,,,EA05,DNR,WIWIS,US-WI,,,,,,2025-WIWIS-FIRE123321,,No Decision,,,,3/26/2025 8:04:36 PM,4/12/2025 7:58:45 PM,IRWIN,1,0,,,{3EA71150-F456-440C-9BC2-E1017FD62F39},f37c24e4-7d4f-46e5-950e-d11ce8659ada,1.91620324585529E-06,0.00732244247228189,
38125,7814,Kinni,Wildfire Daily Fire Perimeter,Phone/Tablet,6.89,No,Public,Approved,Yes,3/28/2025 7:50:15 PM,4/2/2025 3:26:59 PM,3/28/2025 7:50:16 PM,{19930327-A7B9-4E39-8029-51D0D5EA1557},,6.88714566897589,{702DAB8F-1F98-48A4-B56F-8224998F044B},2025 NIFS,38400446,,DEFAULT,,,,iffrs,6.89,6.5,WIWISC,,,,,,,,,,Human,,,SJ41,,3/26/2025 8:13:00 PM,,,,,,,,,EACC,,,,,,Kinni,,WF,FI,44.81937,-92.74582,,,{19930327-A7B9-4E39-8029-51D0D5EA1557},,0,,,,,,FIRE123358,iffrs,,,,Pierce,WIWIC,55093,DNR,WIWIS,,State,Other,,,,,,,EA05,DNR,WIWIS,US-WI,,,,,,2025-WIWIS-FIRE123358,,No Decision,,,,3/28/2025 7:50:11 PM,4/11/2025 5:29:01 PM,IRWIN,1,0,,,{5764B2B8-8CFD-4BBD-886F-907F84AA1FA8},303778d1-a598-4fc4-a5df-ff5d36491081,3.17099829771905E-06,0.00895649421418979,
38421,7505,Von Wald,Wildfire Daily Fire Perimeter,Mixed Methods,1.2,No,Public,Approved,Yes,3/27/2025 1:15:59 PM,4/10/2025 8:49:07 PM,4/10/2025 8:30:50 PM,{D0861265-DE07-4254-B5CC-CAF58B33A8DC},,1.19661502652351,{DC201FC9-1560-4105-A5BA-E9CABED816D3},2025 NIFS,38400100,,DEFAULT,,,,iffrs,1.2,2,WIWISC,,,,,,,,,,Human,,,SJ1G,,3/26/2025 11:50:00 PM,,,,,,,,,EACC,,,,,,Von Wald,,WF,FI,43.30681,-89.83507,,,{D0861265-DE07-4254-B5CC-CAF58B33A8DC},,0,,,,,,FIRE123327,iffrs,,,,Sauk,WIWIC,55111,,,,Private,Private,,,,,,,EA05,DNR,WIWIS,US-WI,,,,,,2025-WIWIS-FIRE123327,,No Decision,,,,3/27/2025 1:15:48 PM,4/10/2025 8:30:19 PM,IRWIN,1,0,,,{8CDE5A92-B9BB-4BB7-B5E3-9163E4E3CE3E},da2d346d-807b-4073-aaab-ac8fb9492f63,5.37239202458295E-07,0.0045026908466353,
38319,7517,Harris,Wildfire Daily Fire Perimeter,Mixed Methods,0.15,No,Public,Approved,Yes,3/27/2025 3:19:43 PM,4/7/2025 12:46:23 PM,4/4/2025 9:50:33 PM,{2049B73E-8D97-42C7-B14B-3E85331E3C59},,0.154100969827537,{A5C3BA59-F023-4D54-885F-55D555F883A3},2025 NIFS,38400119,,DEFAULT,,,,iffrs,0.15,0.01,WIWISC,,0.15,,,,,,,,Human,,,SJ1R,,3/27/2025 3:00:00 PM,,,,,,,,,EACC,,,,,,Harris,,WF,FI,43.45178,-90.14125,,,{2049B73E-8D97-42C7-B14B-3E85331E3C59},,0,,,,,,FIRE123328,iffrs,,,,Sauk,WIWIC,55111,,,,Private,Private,,,,,,,EA05,DNR,WIWIS,US-WI,,,,,,2025-WIWIS-FIRE123328,,No Decision,,,,3/27/2025 3:19:11 PM,4/11/2025 12:21:46 PM,IRWIN,1,0,,,{30C57C28-3DBB-460E-946B-14127C7E46A8},d25c4879-a5be-44ed-8df1-a460a77ca92a,6.93496531312121E-08,0.00146091655873216,
38115,7561,Green Acres,Wildfire Daily Fire Perimeter,Mixed Methods,5.78,No,Public,Approved,Yes,3/27/2025 7:28:47 PM,3/31/2025 1:32:03 PM,3/28/2025 6:29:03 PM,{B4FAB2A4-9B67-484A-BA01-F24ABE2CCC08},,5.78444101332135,{A93D63FF-0B85-4E0D-BA13-75AAE062F1C4},2025 NIFS,38400179,,DEFAULT,,,,iffrs,5.78,0.01,WIWISC,,,,,,,,,,Human,,,SJ16,,3/27/2025 7:05:00 PM,,,,,,,,,EACC,,,,,,Green Acres,,WF,FI,43.49834,-90.4861,,,{B4FAB2A4-9B67-484A-BA01-F24ABE2CCC08},,0,,,,,,FIRE123337,iffrs,,,,Richland,WIWIC,55103,,,,Private,Private,,,,,,,EA05,DNR,WIWIS,US-WI,,,,,,2025-WIWIS-FIRE123337,,No Decision,,,,3/27/2025 7:28:27 PM,4/11/2025 3:52:15 PM,IRWIN,1,0,,,{A276567F-6D81-492F-9847-38CDF18F0DF0},3cd519c3-d448-4429-9d93-327f3ac186af,2.60503770732612E-06,0.0099230699843787,
38242,7613,58th Street,Wildfire Daily Fire Perimeter,Mixed Methods,0.48,No,Public,Approved,Yes,3/27/2025 9:19:00 PM,4/3/2025 12:49:55 PM,4/2/2025 8:38:26 PM,{C57E4C07-18E2-4EC5-A5EF-A8D6B9E52DF0},,0.483357405189773,{77B4992B-A19E-40C6-BBF7-141B960DBB65},2025 NIFS,38400228,,DEFAULT,,,,iffrs,0.48,0.01,WIWISC,,0.48,,,,,,,,Human,,,SJ2U,,3/27/2025 8:30:00 PM,,,,,,,,,EACC,,,,,,58th Street,,WF,FI,43.74625,-89.86921,,,{C57E4C07-18E2-4EC5-A5EF-A8D6B9E52DF0},,0,,,,,,FIRE123346,iffrs,,,,Juneau,WIWIC,55057,,,,Private,Private,,,,,,,EA05,DNR,WIWIS,US-WI,,,,,,2025-WIWIS-FIRE123346,,No Decision,,,,3/27/2025 9:18:22 PM,4/11/2025 12:24:48 PM,IRWIN,1,0,,,{3B75DBB3-1AFE-439D-ADE5-D96C6E44789D},8312328e-8576-4563-9c98-07ff1adac6a7,2.18571585719474E-07,0.00253019631319248,
38116,7671,Spider,Wildfire Daily Fire Perimeter,Auto-generated for InFORM,300,No,Public,Approved,Yes,3/28/2025 12:04:23 AM,3/28/2025 8:52:48 PM,3/28/2025 12:05:13 AM,{017AE512-CBAC-45E8-8C2E-4C8E3AF11699},,1702.82479773007,{FBD725C3-7D08-464B-94E7-D77BF5777578},2025 NIFS,38400282,,DEFAULT,1702.83,,,INFORM_Inspector,1702,300,AZHOAC,90000,,,,,Minimal,,,,Human,Debris and open burning,Hand pile/slash,SJ3K,,3/27/2025 9:55:41 PM,,,0,0,100,0,,,SWCC,4/3/2025 10:00:31 PM,4/3/2025 1:00:00 PM,4/3/2025 8:30:00 PM,F,Type 5 IC,Spider,"MM 37, Highway 77, North of Whitecone, AZ",WF,FI,,,,3/27/2025 10:00:00 PM,{017AE512-CBAC-45E8-8C2E-4C8E3AF11699},,0,1,,,,0,000011,ics209,100,100,Whitecone,Navajo,AZHOAC,04017,BIA,AZHOA,,BIA,Federal,,,,,,,SW04,BIA,AZHOA,US-AZ,Grass-Shrub,GS1,Short Grass (1 foot),Chaparral (6 feet),3,2025-AZHOA-000011,,No Decision,,,,3/28/2025 12:01:21 AM,4/3/2025 10:00:31 PM,IRWIN,1,0,,,{97993918-59C0-49D2-9158-3A61C0246F89},008c3f06-f413-4a5d-89e2-4f9ea9df6fa9,0.000686186817574708,0.163696529428428,Type 5 Incident
38218,7736,Spring Lake,Wildfire Daily Fire Perimeter,Mixed Methods,3.37,No,Public,Approved,Yes,3/28/2025 2:30:56 PM,4/2/2025 5:51:45 PM,4/1/2025 8:02:35 PM,{2E73AA10-DCC4-43FD-A06B-5D854F01B752},,3.37494127241208,{B4B5CB7E-B65B-4108-A229-4FD5FFE07B6E},2025 NIFS,38400356,,DEFAULT,,,,iffrs,3.37,3.31,WIWISC,,3.37,,,,,,,,Human,,,SJ33,,3/27/2025 10:30:00 PM,,,,,,,,,EACC,,,,,,Spring Lake,,WF,FI,43.68448,-89.16161,,,{2E73AA10-DCC4-43FD-A06B-5D854F01B752},,0,,,,,,FIRE123352,iffrs,,,,Green Lake,WIWIC,55047,,,,Private,Private,,,,,,,EA05,DNR,WIWIS,US-WI,,,,,,2025-WIWIS-FIRE123352,,No Decision,,,,3/28/2025 2:30:13 PM,4/12/2025 8:13:44 PM,IRWIN,1,0,,,{E7E939CB-1AD4-4CA0-AA14-82394BE1C6DA},4b5f2d69-f3ff-4fc9-a78d-d0bee975cf10,1.5245791473717E-06,0.0101203035243216,
38187,8159,Reseach Road,Wildfire Daily Fire Perimeter,Auto-generated for InFORM,14,No,Public,Approved,Yes,4/1/2025 2:12:57 PM,4/1/2025 2:47:52 PM,4/1/2025 2:13:23 PM,{132DDC1B-CE20-4B5B-B9E8-234FB182E3C9},,14.6402230351835,{4D57E3A6-F4E6-4A4F-AD27-AFC0BFB465A7},2025 NIFS,38400981,,DEFAULT,14.64,,,INFORM_Inspector,14,14,PAMACC,,,,,,,,,,Undetermined,Undetermined (remarks required),Origin and/or cause not identified,SJ85,,3/30/2025 8:00:08 PM,,,,,,,,,EACC,,,,,,Research Road,,WF,FI,,,,,{132DDC1B-CE20-4B5B-B9E8-234FB182E3C9},,0,0,,,,,250010,INFORM_Inspector,,,,Prince George's,PAMACC,24033,DNRF,MDMDS,,USFS,Federal,,,,,,,EA24,DNRF,MDMDS,US-MD,,,,,,2025-MDMDS-250010,,No Decision,,,,4/1/2025 2:12:50 PM,4/8/2025 5:15:53 PM,IRWIN,1,0,,,{84A37C9A-796F-4DB2-A554-050927974B6F},66bb88c0-54a2-4b45-8890-45553e50a45c,6.16207125858637E-06,0.0111845302938214,
38471,8091,Nenahnezad 1,Wildfire Daily Fire Perimeter,GPS-Walked,39,No,Public,Approved,Yes,3/31/2025 6:48:59 PM,4/11/2025 11:48:44 PM,3/31/2025 6:49:01 PM,{16C2E430-CCAC-450E-844F-0B31051CEEC1},,38.36985556546,{2EF1C02B-3CA2-4BD5-AE31-AA7CBB3D9EA6},2025 NIFS,38400861,,DEFAULT,38.37,,,INFORM_Inspector,39,39,AZNAOC,,,,,,,,,,Human,,,SJ76,,3/30/2025 9:47:57 PM,,,,,,,,,SWCC,,,,,,Nenahnezad 1,,WF,FI,,,,3/30/2025 9:50:00 PM,{16C2E430-CCAC-450E-844F-0B31051CEEC1},,0,1,,,,,000029,INFORM_Inspector,,,,San Juan,AZNAOC,35045,BIA,AZNAA,,BIA,Federal,,,,,,,SW04,BIA,AZNAA,US-NM,Grass-Shrub,GS1,,,,2025-AZNAA-000029,,No Decision,,,,3/31/2025 6:48:46 PM,4/11/2025 11:48:45 PM,IRWIN,1,0,,,{0F9BD8F1-93A4-4ED1-881B-369FA4AA0E50},a602de7c-bac2-4b16-ac0c-c797a8e320b1,1.56670230353484E-05,0.0315687580653969,
38292,8027,Bull,Wildfire Daily Fire Perimeter,Auto-generated for InFORM,546,No,Public,Approved,Yes,3/31/2025 2:56:17 AM,4/4/2025 10:06:14 PM,4/1/2025 8:34:17 PM,{48EF18D9-2A9D-400E-869D-FE31F2D143FB},,546.469672981321,{AF30CA88-1547-4BF2-8555-E7650AD3D83B},2025 NIFS,38400741,,ICS209,,,,wildcade,546,0.1,AZPHC,100000,,,,,Minimal,Smoldering,Running,,Human,,,SJ6V,,3/31/2025 12:14:33 AM,,,0,100,0,0,PA,1532,SWCC,4/11/2025 4:44:26 PM,4/8/2025 4:30:00 PM,4/10/2025 4:00:00 PM,F,Type 5 IC,Bull,White City in Bylas,WF,FI,33.1276,-110.114,,,{48EF18D9-2A9D-400E-869D-FE31F2D143FB},,0,1,,,,0,000370,ics209,100,100,Bylas,Graham,AZPHC,04009,BIA,AZSCA,,BIA,Federal,,,,,,,SW06S,BIA,AZSCA,US-AZ,,,Tall Grass (2.5 feet),Brush (2 feet),1,2025-AZSCA-000370,,No Decision,,,,3/31/2025 2:56:01 AM,4/11/2025 4:44:26 PM,IRWIN,1,0,,,{DFBDBCDA-DFEF-40B2-A775-447AFD76D8C8},2fab49e3-f160-433f-8885-875a04dda4af,0.000213682990079178,0.0862277380398865,Type 5 Incident
38458,9186,LAKE WILDERNESS 2,Wildfire Daily Fire Perimeter,Hand Sketch,0.01,No,Public,Approved,Yes,4/11/2025 7:55:00 PM,4/11/2025 7:55:00 PM,4/1/2025 10:00:00 PM,{DF212A0B-5EA7-49C5-B7DA-2DFCFBB3E37F},,0.780595981884042,{01F42722-3FD7-40B4-9FD0-B1E650D0E961},2025 NIFS,38402154,,DEFAULT,,,,firecode,,,VAVIC,,,,,,,,,,,,,SKC3,,3/31/2025 5:22:00 PM,,,,,,,,,SACC,,,,,,LAKE WILDERNESS 2,,WF,FI,,,,,{DF212A0B-5EA7-49C5-B7DA-2DFCFBB3E37F},,0,0,0,0,0,,250002,INFORM_Inspector,,,,Spotsylvania,VAVIC,51177,NPS,VAFSP,,NPS,Federal,,,,,,,SA29,NPS,VAFSP,US-VA,,,,,,2025-VAFSP-250002,,No Decision,,,,4/2/2025 7:01:08 PM,4/11/2025 4:19:54 PM,IRWIN,1,0,,,{54D65564-338E-4D23-A6CD-898C5DBCC935},8ebe1eff-8ccb-4228-889a-5c8cb1605e06,3.25347855323344E-07,0.0024837640734454,
38430,8463,Hillside,Wildfire Daily Fire Perimeter,Mixed Methods,0.75,No,Public,Approved,Yes,4/5/2025 6:22:36 PM,4/11/2025 1:03:00 PM,4/10/2025 9:17:38 PM,{D7660957-CAB1-425A-A4D3-CE8FF84A0E31},,0.748517658351317,{5A64EB7D-64DD-4F8F-AF27-95219D9CE6E4},2025 NIFS,38402518,,DEFAULT,,,,iffrs,0.75,2,WIWISC,,,,,,,,,,Human,,,SKJ2,,4/5/2025 6:10:00 PM,,,,,,,,,EACC,,,,,,Hillside,,WF,FI,43.46453,-90.02781,,,{D7660957-CAB1-425A-A4D3-CE8FF84A0E31},,0,,,,,,FIRE123373,iffrs,,,,Sauk,WIWIC,55111,,,,Private,Private,,,,,,,EA05,DNR,WIWIS,US-WI,,,,,,2025-WIWIS-FIRE123373,,No Decision,,,,4/5/2025 6:22:17 PM,4/10/2025 9:17:07 PM,IRWIN,1,0,,,{CC32AA03-A233-4C4B-A97E-85DA7D2E35BF},fd248532-6977-44a7-aba4-2571143ec27c,3.36922994392808E-07,0.00231214845135362,
38306,8516,Haybale,Wildfire Daily Fire Perimeter,Phone/Tablet,9.3,No,Public,Approved,Yes,4/6/2025 1:16:52 PM,4/7/2025 5:35:44 PM,4/6/2025 2:19:29 PM,{8DF229C3-5AF0-4B25-97E1-3AE9DDD65606},,9.27227480686778,{99F72DD6-EA4D-4D05-A674-393430FBCAC2},2025 NIFS,38402616,,DEFAULT,,,,iffrs,9.26,0.01,WIWISC,,,,,,,,,,Human,,,SKL1,,4/5/2025 11:00:00 PM,,,,,,,,,EACC,,,,,,Haybale,,WF,FI,43.5032,-90.17059,,,{8DF229C3-5AF0-4B25-97E1-3AE9DDD65606},,0,,,,,,FIRE123379,iffrs,,,,Sauk,WIWIC,55111,,,,Private,Private,,,,,,,EA05,DNR,WIWIS,US-WI,,,,,,2025-WIWIS-FIRE123379,,No Decision,,,,4/6/2025 1:16:22 PM,4/12/2025 6:14:27 PM,IRWIN,1,0,,,{823B68B7-C510-4FD6-9CAB-CBE46D62C0FE},1287c45a-c10f-4ab4-8ea9-20f66477b3e4,4.18449303651869E-06,0.0133209492155052,
38361,8635,King,Wildfire Daily Fire Perimeter,Mixed Methods,13.7298758903637,No,Public,Approved,Yes,4/7/2025 3:06:56 PM,4/8/2025 6:43:10 PM,4/7/2025 3:16:01 PM,{7698C122-C410-4B2F-8A98-D8C037AD663C},,13.7298762875485,{9A052F46-10C7-411F-BD12-75F4693BF948},2025 NIFS,38402797,,DEFAULT,,,,iffrs,13.7,0.01,WIWISC,,,,,,,,,,Human,,,SKQ9,,4/6/2025 5:00:00 AM,,,,,,,,,EACC,,,,,,King,,WF,FI,43.04863,-90.51753,,,{7698C122-C410-4B2F-8A98-D8C037AD663C},,0,,,,,,FIRE123406,iffrs,,,,Grant,WIWIC,55043,,,,Private,Private,,,,,,,EA05,DNR,WIWIS,US-WI,,,,,,2025-WIWIS-FIRE123406,,No Decision,,,,4/7/2025 3:06:36 PM,4/7/2025 10:12:45 PM,IRWIN,1,0,,,{DB2A7477-8636-443F-A036-01A9EC1538A1},a27b4270-3ad7-4788-8394-a54323de86a4,6.1384509990603E-06,0.0169985506593207,
38318,8539,Ellison,Wildfire Daily Fire Perimeter,Phone/Tablet,0.07,No,Public,Approved,Yes,4/6/2025 4:02:21 PM,4/7/2025 12:49:16 PM,4/6/2025 7:52:31 PM,{E8907895-0305-4A49-BAC5-D2E34347570E},,0.0740239391338483,{CB188C8E-EE9F-44F1-96E9-EF0E0C71EAFB},2025 NIFS,38402627,,DEFAULT,,,,iffrs,0.07,0.05,WIWISC,,,,,,,,,,Human,,,SKL3,,4/6/2025 3:26:00 PM,,,,,,,,,EACC,,,,,,Ellison,,WF,FI,44.9908,-87.68841,,,{E8907895-0305-4A49-BAC5-D2E34347570E},,0,,,,,,FIRE123380,iffrs,,,,Marinette,WIWIC,55075,DNR,WIWIS,,State,Other,,,,,,,EA06,DNR,WIWIS,US-WI,,,,,,2025-WIWIS-FIRE123380,,No Decision,,,,4/6/2025 3:33:02 PM,4/10/2025 6:43:33 PM,IRWIN,1,0,,,{D4D96C77-95AC-41CF-B5E8-98410DEECCAA},61153d6f-9e6f-4762-9d4a-7fd3456a6425,3.41767645295477E-08,0.000740063306093277,
38334,8536,Business,Wildfire Daily Fire Perimeter,Mixed Methods,0.24,No,Public,Approved,Yes,4/6/2025 6:00:10 PM,4/7/2025 3:48:05 PM,4/6/2025 7:47:03 PM,{CD079016-313C-4AB3-8120-EB8DC2EEE298},,0.240117040750398,{179BEBD8-E06D-4D74-B82A-C78C0DE7F759},2025 NIFS,38402647,,DEFAULT,,,,iffrs,0.24,0.1,WIWISC,,0.24,,,,,,,,Human,,,SKM0,,4/6/2025 5:50:00 PM,,,,,,,,,EACC,,,,,,Business,,WF,FI,44.92243,-87.87243,,,{CD079016-313C-4AB3-8120-EB8DC2EEE298},,0,,,,,,FIRE123385,iffrs,,,,Oconto,WIWIC,55083,,,,Private,Private,,,,,,,EA06,DNR,WIWIS,US-WI,,,,,,2025-WIWIS-FIRE123385,,No Decision,,,,4/6/2025 5:59:49 PM,4/10/2025 8:12:45 PM,IRWIN,1,0,,,{C6D10668-C0EF-4C91-85D6-5BE67F5644A0},9311ac1b-982f-4af2-8397-806b8f01b151,1.10749397208565E-07,0.00209121777018459,
38335,8538,Spruce,Wildfire Daily Fire Perimeter,Mixed Methods,0.87,No,Public,Approved,Yes,4/6/2025 6:17:04 PM,4/7/2025 3:45:30 PM,4/7/2025 3:16:52 PM,{76C2D994-445E-494A-A7A4-8BDC802AE881},,0.87057503933867,{3415958D-A301-430D-BC4B-DE2A33086BAD},2025 NIFS,38402649,,DEFAULT,,,,iffrs,0.87,0.5,WIWISC,,0.87,,,,,,,,Human,,,SKM1,,4/6/2025 6:00:00 PM,,,,,,,,,EACC,,,,,,Spruce,,WF,FI,44.96052,-88.19256,,,{76C2D994-445E-494A-A7A4-8BDC802AE881},,0,,,,,,FIRE123386,iffrs,,,,Oconto,WIWIC,55083,,,,Private,Private,,,,,,,EA06,DNR,WIWIS,US-WI,,,,,,2025-WIWIS-FIRE123386,,No Decision,,,,4/6/2025 6:16:41 PM,4/10/2025 8:15:09 PM,IRWIN,1,0,,,{4A8115DC-592D-48F2-9965-10DBB4D4E9E5},40254938-6ad7-4857-ac53-7ae131b57d31,4.01798388338648E-07,0.00473864493745798,
38412,9017,Blackert Tract,Wildfire Daily Fire Perimeter,Hand Sketch,3.58,No,Public,Approved,Yes,4/10/2025 6:22:25 PM,4/10/2025 6:22:25 PM,4/10/2025 6:22:24 PM,{814DF0A4-5997-4CDA-9453-81D3A904CF1A},,3.58130669329522,{955862B3-4EE7-460F-BAC4-6ED098BD9DA4},2025 NIFS,38403553,,DEFAULT,,,,INFORM_Inspector,3.5,2.7,MOMOC,,,,,,,,,,Undetermined,Undetermined (remarks required),Not investigated,SK26,,4/6/2025 6:00:14 PM,,,,,,,,,EACC,,,,,,Blackert Tract,,WF,FI,,,,,{814DF0A4-5997-4CDA-9453-81D3A904CF1A},,0,0,,,,,000006,INFORM_Inspector,,,,Dickinson,MOMOC,19059,USFWS,IAWTR,,USFWS,Federal,,,,,,,EA02,USFWS,IAWTR,US-IA,,,,,,2025-IAWTR-000006,,No Decision,,,,4/10/2025 6:21:12 PM,4/10/2025 6:27:16 PM,IRWIN,1,0,,,{706F10D7-5B6C-4EF7-99A5-A7E12A1DF1F3},98bd560f-45fd-413a-93f5-0c5b0bf3073d,1.6114045138238E-06,0.00530614536966639,
38321,8571,Long Drive,Wildfire Daily Fire Perimeter,Mixed Methods,0.966787557172381,No,Public,Approved,Yes,4/6/2025 8:36:14 PM,4/7/2025 12:57:20 PM,4/6/2025 8:18:34 PM,{19CE74B1-0C9B-4724-9BEB-221633BD62BF},,0.966787584868721,{ECB14F73-D291-4757-A7C4-13D98FD66637},2025 NIFS,38402668,,DEFAULT,,,,iffrs,0.95,0.01,WIWISC,,0.95,,,,,,,,Human,,,SKM9,,4/6/2025 6:45:00 PM,,,,,,,,,EACC,,,,,,Long Drive,,WF,FI,43.52678,-90.65823,,,{19CE74B1-0C9B-4724-9BEB-221633BD62BF},,0,,,,,,FIRE123391,iffrs,,,,Richland,WIWIC,55103,,,,Private,Private,,,,,,,EA05,DNR,WIWIS,US-WI,,,,,,2025-WIWIS-FIRE123391,,No Decision,,,,4/6/2025 7:18:50 PM,4/11/2025 12:27:07 PM,IRWIN,1,0,,,{83CF2BFF-01DC-401A-9F33-5E9C0E4F6124},f146ffba-f0d7-4b37-ac9e-9088082982df,4.35457423009211E-07,0.0047737893994121,
38330,8565,Too Soon ,Wildfire Daily Fire Perimeter,Mixed Methods,39.1,No,Public,Approved,Yes,4/6/2025 8:14:56 PM,4/7/2025 3:28:24 PM,4/6/2025 8:06:18 PM,{C20CAC6B-88F1-4D3C-9481-0C8CD783AAAC},,39.0828488217529,{4DBE7775-DB00-4769-A3CF-EE8805C5C9A1},2025 NIFS,38402806,,DEFAULT,,,,wildcade,39.1,39.1,MTMCC,,,,,,,,,,Human,,,,,4/6/2025 7:30:00 PM,,,,,,,,,NRCC,,,,,,Too Soon - Custer,,WF,FI,46.635332,-105.53265,,,{C20CAC6B-88F1-4D3C-9481-0C8CD783AAAC},,0,,,,,,000096,wildcade,,,,Custer,MTMCC,30017,,,,Private,Private,,,,,,,NR16,C&L,MTLG14,US-MT,,,,,,2025-MTLG14-000096,,No Decision,,,,4/7/2025 3:27:39 PM,4/7/2025 3:27:39 PM,IRWIN,1,0,,,{8B64F65A-505C-4BF7-8CC6-5C49E0A1E3D7},e60a113f-eebc-4589-b819-9b9766245de7,1.85822814273706E-05,0.0337780423278369,
38332,8561,Jaworski Road,Wildfire Daily Fire Perimeter,Mixed Methods,1.98,No,Public,Approved,Yes,4/6/2025 7:43:38 PM,4/7/2025 3:43:43 PM,4/6/2025 8:47:20 PM,{F242AED5-273A-4BBE-B9A4-E749B6B1C540},,1.97740847520945,{80B8D123-4344-4DF8-A8D0-13EE478476F1},2025 NIFS,38402675,,DEFAULT,,,,iffrs,1.98,0.5,WIWISC,,1.98,,,,,,,,Human,,,SKN2,,4/6/2025 7:30:00 PM,,,,,,,,,EACC,,,,,,Jaworski Road,,WF,FI,44.68183,-88.20077,,,{F242AED5-273A-4BBE-B9A4-E749B6B1C540},,0,,,,,,FIRE123394,iffrs,,,,Oconto,WIWIC,55083,,,,Private,Private,,,,,,,EA06,DNR,WIWIS,US-WI,,,,,,2025-WIWIS-FIRE123394,,No Decision,,,,4/6/2025 7:43:23 PM,4/10/2025 8:15:21 PM,IRWIN,1,0,,,{EBDC382B-0F47-4BAE-BF10-CBE2C980F69C},be149fb3-056a-410c-b3ba-e6606c830af7,9.083005352295E-07,0.00588937495508027,
38418,8625,Hill Rd,Wildfire Daily Fire Perimeter,Mixed Methods,0.99,No,Public,Approved,Yes,4/7/2025 2:12:23 PM,4/10/2025 8:39:44 PM,4/10/2025 3:16:28 PM,{19B667ED-FEB3-4FB0-B1B3-54F484B0E195},,0.997038169445025,{4D0AB4BA-3CC4-4B70-A924-773CBD6904BB},2025 NIFS,38402777,,DEFAULT,,,,iffrs,0.99,0.99,WIWISC,,,,,,,,,,Human,,,SKQ7,,4/7/2025 5:00:00 AM,,,,,,,,,EACC,,,,,,Hill Rd,,WF,FI,44.54576,-91.03409,,,{19B667ED-FEB3-4FB0-B1B3-54F484B0E195},,0,,,,,,FIRE123405,iffrs,,,,Jackson,WIWIC,55053,,,,Private,Private,,,,,,,EA05,DNR,WIWIS,US-WI,,,,,,2025-WIWIS-FIRE123405,,No Decision,,,,4/7/2025 2:11:52 PM,4/10/2025 3:16:19 PM,IRWIN,1,0,,,{2FD3ECBC-232A-453E-A5C2-EEF936069A70},454bc55d-dbad-4099-8639-d6d83b5a62f2,4.56909674539929E-07,0.00885435038744674,
38370,8687,SUGARLOAF.    ,Wildfire Daily Fire Perimeter,Auto-generated for InFORM,43.2,No,Public,Approved,Yes,4/7/2025 9:34:25 PM,4/8/2025 3:36:21 PM,4/8/2025 12:14:50 AM,{04979CF9-29F7-4A27-9602-C30AD011EBC6},,43.1781115594091,{3679D9B6-0F72-42B4-97CA-CCE7E299C2DC},2025 NIFS,38402918,,DEFAULT,,,,wildcade,43,3,NMABC,,,,,,,,,,Human,,,SKX7,,4/7/2025 8:13:19 PM,,,,,,,PN,1522,SWCC,,,,,,SUGARLOAF,,WF,FI,34.098492,-107.942725,,,{04979CF9-29F7-4A27-9602-C30AD011EBC6},,0,1,,,,,000133,wildcade,,,,Catron,NMABC,35003,,,,Private,Private,,,,,,,SW08,SF,NMN3S,US-NM,,,,,,2025-NMN3S-000133,,No Decision,,,,4/7/2025 9:33:54 PM,4/8/2025 3:49:30 PM,IRWIN,1,0,,,{E5516D8B-6DA9-484B-BE6E-14CFFB9C079B},148df7ca-a7d9-410e-9e65-58b6e10ca09c,1.70707028246397E-05,0.0303813093931107,
38401,8732,Roberts,Wildfire Daily Fire Perimeter,Mixed Methods,5.85,No,Public,Approved,Yes,4/8/2025 5:49:57 PM,4/10/2025 1:05:59 PM,4/9/2025 10:01:35 PM,{4ECF56BD-9E64-419B-93BB-8E792CA47A77},,5.85787603742792,{C1BA6463-E43F-46AD-9960-18F77727E74D},2025 NIFS,38403029,,DEFAULT,,,,iffrs,5.85,0.25,WIWISC,,,,,,,,,,Human,,,SKZ4,,4/8/2025 5:44:00 PM,,,,,,,,,EACC,,,,,,Roberts,,WF,FI,44.22549,-90.78516,,,{4ECF56BD-9E64-419B-93BB-8E792CA47A77},,0,,,,,,FIRE123415,iffrs,,,,Jackson,WIWIC,55053,,,,Private,Private,,,,,,,EA05,DNR,WIWIS,US-WI,,,,,,2025-WIWIS-FIRE123415,,No Decision,,,,4/8/2025 5:49:34 PM,4/9/2025 10:01:08 PM,IRWIN,1,0,,,{0C0E84FB-18DD-4059-8188-744D4ABB4715},3052fa9e-e761-4952-9513-24da93080219,2.66999245468469E-06,0.00937487178985828,
38416,8755,Double E,Wildfire Daily Fire Perimeter,Mixed Methods,24.6,No,Public,Approved,Yes,4/8/2025 7:43:46 PM,4/10/2025 8:30:46 PM,4/8/2025 10:59:04 PM,{E8895D32-0197-4413-A0A4-503FDA6642D9},,24.6317703188942,{A7F9B099-BB49-49E1-9C33-1DE6309C81B2},2025 NIFS,38403064,,DEFAULT,,,,iffrs,24.6,0.01,WIWISC,,,,,,,,,,Human,,,SK0C,,4/8/2025 7:00:00 PM,,,,,,,,,EACC,,,,,,Double E,,WF,FI,44.33584,-89.39003,,,{E8895D32-0197-4413-A0A4-503FDA6642D9},,0,,,,,,FIRE123418,iffrs,,,,Portage,WIWIC,55097,,,,Private,Private,,,,,,,EA05,DNR,WIWIS,US-WI,,,,,,2025-WIWIS-FIRE123418,,No Decision,,,,4/8/2025 7:43:14 PM,4/10/2025 3:07:58 PM,IRWIN,1,0,,,{AEEE749C-9AEE-4AAC-8963-9B6CE2B2F2CD},bcd8cf41-af7f-48ff-a199-b577116eb89a,1.12482159693172E-05,0.0212925988972363,
38385,8762,Adams,Wildfire Daily Fire Perimeter,Mixed Methods,0.04,No,Public,Approved,Yes,4/8/2025 8:25:32 PM,4/10/2025 1:34:06 PM,4/8/2025 8:30:03 PM,{F9F373E6-ABEE-4A4E-9FEE-E2437292105C},,0.0401347128869976,{361D6FD6-9542-46AA-82DA-729911C0ABF7},2025 NIFS,38403068,,DEFAULT,,,,iffrs,0.04,0.1,WIWISC,,,,,,,,,,Human,,,SK0D,,4/8/2025 7:45:00 PM,,,,,,,,,EACC,,,,,,Adams,,WF,FI,45.11983,-89.74716,,,{F9F373E6-ABEE-4A4E-9FEE-E2437292105C},,0,,,,,,FIRE123419,iffrs,,,,Marathon,WIWIC,55073,,,,Private,Private,,,,,,,EA04,DNR,WIWIS,US-WI,,,,,,2025-WIWIS-FIRE123419,,No Decision,,,,4/8/2025 7:54:13 PM,4/12/2025 4:44:33 PM,IRWIN,1,0,,,{56D75DF9-6986-4CCC-BCC1-3D873F656969},53dfa0d0-6d8f-407d-bf2a-fb3ddfd469cb,1.85737007996067E-08,0.00120892938384146,
38431,8788,Quebec,Wildfire Daily Fire Perimeter,Mixed Methods,0.2,No,Public,Approved,Yes,4/8/2025 11:08:16 PM,4/11/2025 1:05:07 PM,4/10/2025 8:57:01 PM,{44862308-D1BB-4B3E-BF6A-DE35F68733C0},,0.201772181769357,{E5A355A3-9822-45BB-A7BE-53EBEE16848F},2025 NIFS,38403131,,DEFAULT,,,,iffrs,0.2,0.01,WIWISC,,,,,,,,,,Human,,,SK0V,,4/8/2025 10:55:00 PM,,,,,,,,,EACC,,,,,,Quebec,,WF,FI,43.3055,-90.50228,,,{44862308-D1BB-4B3E-BF6A-DE35F68733C0},,0,,,,,,FIRE123425,iffrs,,,,Richland,WIWIC,55103,,,,Private,Private,,,,,,,EA05,DNR,WIWIS,US-WI,,,,,,2025-WIWIS-FIRE123425,,No Decision,,,,4/8/2025 11:08:01 PM,4/10/2025 8:56:31 PM,IRWIN,1,0,,,{9720616E-8229-426C-9867-547A12042160},e97a43b9-8190-48c6-9790-7392d8e7c3de,9.05856722965837E-08,0.00119983603473537,
38406,8837,Casper Creek,Wildfire Daily Fire Perimeter,Mixed Methods,163.272802702735,No,Public,Approved,Yes,4/9/2025 4:12:17 PM,4/10/2025 3:58:57 PM,,{A83A0F4C-B7EC-4117-B6BE-6B2ED6EAF2A3},,163.272752350648,{876BCC28-B2EE-4CE4-9EC0-2529D6EB448B},2025 NIFS,38403153,,DEFAULT,,,,wildcade,163.3,40,WYCPC,,,,,,,,,,Human,,,SK00,,4/9/2025 12:46:59 AM,,,,,,,,,RMCC,,,,,,Casper Creek,,WF,FI,42.879733,-106.397333,,,{A83A0F4C-B7EC-4117-B6BE-6B2ED6EAF2A3},,0,1,,,,,250040,wildcade,,,,Natrona,WYCPC,56025,,,,Private,Private,,,,,,,RM08,C&L,WYNAX,US-WY,,,,,,2025-WYNAX-250040,,No Decision,,,,4/9/2025 1:11:17 AM,4/9/2025 4:46:36 PM,IRWIN,1,0,,,{1A208C72-F423-4694-B142-186DADE0A978},8a7f9071-4dc4-4b99-afe9-77994594d795,7.28181648810278E-05,0.0763526762251888,
38417,8983,Willow,Wildfire Daily Fire Perimeter,Mixed Methods,0.53,No,Public,Approved,Yes,4/10/2025 3:17:57 PM,4/10/2025 8:41:30 PM,4/10/2025 6:44:01 PM,{AB622AAA-5ECA-44F9-8F28-C47EB1C97060},,0.527395224381495,{3A8525B8-7C62-4E87-A682-821FB68FD429},2025 NIFS,38403239,,DEFAULT,,,,iffrs,0.53,0.5,WIWISC,,,,,,,,,,Human,,,SK1F,,4/9/2025 1:45:00 PM,,,,,,,,,EACC,,,,,,Willow,,WF,FI,45.41914,-90.61726,,,{AB622AAA-5ECA-44F9-8F28-C47EB1C97060},,0,,,,,,FIRE123428,iffrs,,,,Price,WIWIC,55099,,,,Private,Private,,,,,,,EA04,DNR,WIWIS,US-WI,,,,,,2025-WIWIS-FIRE123428,,No Decision,,,,4/9/2025 2:58:15 PM,4/10/2025 6:43:28 PM,IRWIN,1,0,,,{CBB3F4E7-B246-4B17-B8F4-2AABFEE3B5EE},463e17eb-9fb6-48bb-93d3-80390050a938,2.45483988692285E-07,0.00237893586167918,
38429,8846,Sandy,Wildfire Daily Fire Perimeter,Mixed Methods,0.25,No,Public,Approved,Yes,4/9/2025 5:05:22 PM,4/11/2025 1:04:33 PM,4/9/2025 5:49:52 PM,{56A8CFE3-2786-4E28-ACA8-8FA6C608013C},,0.248798431284445,{3FE2D26B-E468-4395-9688-18ADEE428C5E},2025 NIFS,38403290,,DEFAULT,,,,iffrs,0.25,0.01,WIWISC,,,,,,,,,,Human,,,SK1S,,4/9/2025 3:00:00 PM,,,,,,,,,EACC,,,,,,Sandy,,WF,FI,43.20731,-90.63188,,,{56A8CFE3-2786-4E28-ACA8-8FA6C608013C},,0,,,,,,FIRE123429,iffrs,,,,Richland,WIWIC,55103,,,,Private,Private,,,,,,,EA05,DNR,WIWIS,US-WI,,,,,,2025-WIWIS-FIRE123429,,No Decision,,,,4/9/2025 5:04:46 PM,4/10/2025 9:04:40 PM,IRWIN,1,0,,,{513E0676-A2A1-47A3-BBB6-4AC3730185C8},2af4dbb2-251c-4177-9302-53071e061f39,1.11521785584046E-07,0.00133918381037371,
38442,9148,CPED-RX FMZ11-20250409-01,Prescribed Fire,Hand Sketch,27.51,No,Public,Approved,Yes,4/11/2025 5:15:56 PM,4/11/2025 5:15:56 PM,4/9/2025 7:00:00 PM,{947EAD37-4938-4A11-99BF-9CF787363B89},,27.5079003283436,{358B58D3-4537-4517-A65F-2A702F4F6C4D},2025 NIFS,38403760,,DEFAULT,,,,INFORM_Inspector,27.5,27.5,NHNEC,,,,,,,,,,,,,,,4/9/2025 4:00:16 PM,,,,,,,,,EACC,,,,,,CPED-RX FMZ11-20250409-01,,RX,FI,,,,,{947EAD37-4938-4A11-99BF-9CF787363B89},,0,0,,,,,MAARNG-09,INFORM_Inspector,,,,Barnstable,NHNEC,25001,,,,DOD,Federal,,,,,,,EA23,FFC,MAMAS,US-MA,,,,,,2025-MAMAS-MAARNG-09,,No Decision,,,,4/11/2025 5:10:17 PM,4/11/2025 5:10:17 PM,IRWIN,1,0,,,{1CEECC9F-DE61-4086-8C11-3467D2A25BB1},7f99d508-638b-45be-a2ac-9b1582296a89,1.203372312375E-05,0.0141231116181087,
38399,8924,Salt Flats,Wildfire Daily Fire Perimeter,Mixed Methods,148.406354358708,No,Public,Approved,Yes,4/9/2025 11:28:51 PM,4/10/2025 1:40:42 AM,4/9/2025 11:28:48 PM,{57059290-942F-4CC2-939A-37117109AFA0},,148.405819633859,{0673DC91-4A7C-44E0-A160-AE2E09F38BCF},2025 NIFS,38403318,,DEFAULT,,,,firesponse,157,157,TXTIC,0,,,,,Minimal,,Smoldering,,Undetermined,Undetermined (remarks required),Origin and/or cause not identified,,,4/9/2025 6:19:56 PM,Type 3 Incident,,0,100,0,0,,,SACC,4/11/2025 10:09:10 PM,4/11/2025 12:30:00 PM,4/11/2025 9:30:00 PM,U,Type 4 IC,Salt Flats,"Two miles south of Rockport, TX",WF,FI,27.993962,-97.104833,,,{57059290-942F-4CC2-939A-37117109AFA0},,0,,,,,1,252063,firesponse,95,100,"Rocport, TX",Aransas,TXTIC,48007,SFS,TXTXS,,Private,Private,,,,,,,SA15,SFS,TXTXS,US-TX,,,Brush (2 feet),,21,2025-TXTXS-252063,,No Decision,,,,4/9/2025 7:13:07 PM,4/11/2025 11:29:26 PM,IRWIN,1,0,,,{53A8FE4D-8D1E-4E30-BEEA-C28940D17888},1cb116b3-e8bb-4120-a26a-328eca3b5be2,5.5095616971812E-05,0.0467084903555471,Type 4 Incident
38420,8879,Golden Valley,Wildfire Daily Fire Perimeter,Mixed Methods,79.74,No,Public,Approved,Yes,4/9/2025 8:49:42 PM,4/11/2025 1:06:38 PM,4/10/2025 6:41:47 PM,{6CB86C35-F416-4E49-AACF-9A190F6D5C96},,79.7858892220498,{32828AB7-8F93-4AA9-80CB-A74F0C5A40C5},2025 NIFS,38403341,,DEFAULT,,,,iffrs,79.74,20,WIWISC,,,,,,,,,,Undetermined,,,SK14,,4/9/2025 7:50:00 PM,,,,,,,,,EACC,,,,,,Golden Valley,,WF,FI,44.50447,-91.16098,,,{6CB86C35-F416-4E49-AACF-9A190F6D5C96},,0,,,,,,FIRE123432,iffrs,,,,Jackson,WIWIC,55053,,,,Private,Private,,,,,,,EA05,DNR,WIWIS,US-WI,,,,,,2025-WIWIS-FIRE123432,,No Decision,,,,4/9/2025 8:49:20 PM,4/10/2025 8:54:33 PM,IRWIN,1,0,,,{B2D112A8-074A-4021-A507-0F9E305CDE44},20cde293-da27-48a2-bf4b-cc4478163eb2,3.65399607744621E-05,0.0388408222852671,
38478,9044,FD05047,Wildfire Daily Fire Perimeter,Hand Sketch,0.16,No,Public,Approved,Yes,4/10/2025 8:36:44 PM,4/12/2025 2:21:01 PM,4/10/2025 8:36:45 PM,{6B79DEC0-F8F9-41E4-B935-4E3DB02B1AD9},,0.159172957216465,{073DD12F-2CFF-419F-BAAF-D19D142067B3},2025 NIFS,38403597,,DEFAULT,,,,INFORM_Inspector,0.16,0.16,NHNEC,,,,,,,,,,,,,,,4/9/2025 8:33:05 PM,,,,,,,,,EACC,,,,,,FD05047,,WF,FI,,,,,{6B79DEC0-F8F9-41E4-B935-4E3DB02B1AD9},,0,0,,,,,FD05047,INFORM_Inspector,,,,Essex,NHNEC,25009,,,,Private,Private,,,,,,,EA23,FFC,MAMAS,US-MA,,,,,,2025-MAMAS-FD05047,,No Decision,,,,4/10/2025 8:36:23 PM,4/10/2025 8:36:23 PM,IRWIN,1,0,,,{5255A708-11C0-4831-BF87-A1D2F542BF56},259cfabe-d504-4fba-9c17-1550cde537a2,7.06477294443175E-08,0.00219836522663951,
38473,9297,RX MCWA Westside,Prescribed Fire,Mixed Methods,3247,No,Public,Approved,Yes,4/12/2025 2:13:21 AM,4/12/2025 2:29:29 AM,,{0370C03E-23D2-4E23-98C7-96C33066D9A4},,3247.01231946718,{635FDCD4-CC0B-41C5-B61F-8BDCDD3D3466},2025 NIFS,38403453,,DEFAULT,,,,wildcade,,,ARAOC,,,,,,,,,,Undetermined,,,,,4/10/2025 12:50:49 PM,,,,,,,,,SACC,,,,,,RX MCWA Westside,,RX,FI,34.310417,-94.716033,,,{0370C03E-23D2-4E23-98C7-96C33066D9A4},,0,1,,,,,000921,wildcade,,,,McCurtain,ARAOC,40089,USFS,AROUF,,USFS,Federal,,,,,,,SA17A,USFS,AROUF,US-OK,,,,,,2025-AROUF-000921,,No Decision,,,,4/10/2025 12:51:19 PM,4/10/2025 10:00:52 PM,IRWIN,1,0,,,{E3AE94FF-1A29-4253-AC28-1E56DE2D0172},3bf09394-be4d-4525-973f-b133aa459782,0.00128688210747896,0.251629914048396,
38441,9141,Cotton Corn - Dawson,Wildfire Daily Fire Perimeter,Auto-generated for InFORM,1,No,Public,Approved,Yes,4/11/2025 4:52:15 PM,4/11/2025 5:00:24 PM,4/11/2025 4:52:15 PM,{BC309161-0357-46DC-B4F3-AB51D685AC29},,49.8097395013192,{D81D49A4-F16A-4C35-9DDE-EC5D7D727E19},2025 NIFS,38403754,,DEFAULT,,,,wildcade,49.8,1,MTMCC,,,,,,,,,,Human,,,,,4/10/2025 10:30:00 PM,,,,,,,,,NRCC,,,,,,Cotton Corn - Dawson,,WF,FI,47.334137,-104.46329,,,{BC309161-0357-46DC-B4F3-AB51D685AC29},,0,,,,,,000110,wildcade,,,,Dawson,MTMCC,30021,,,,Private,Private,,,,,,,NR16,C&L,MTLG16,US-MT,,,,,,2025-MTLG16-000110,,No Decision,,,,4/11/2025 4:51:57 PM,4/11/2025 5:00:39 PM,IRWIN,1,0,,,{D5721580-13B9-4080-95B4-228B1B96312E},fb1c38d4-1925-4ff2-b316-efec28d8bf44,2.39890910052054E-05,0.023280747208849,
38479,9104,GRACE,Wildfire Daily Fire Perimeter,Auto-generated for InFORM,25.8,No,Public,Approved,Yes,4/11/2025 12:51:56 PM,4/12/2025 3:08:53 PM,4/11/2025 12:51:56 PM,{2DE91046-E728-40E8-9A92-F941E231A6C0},,25.8064917977619,{08DFE48D-D894-4573-BA10-A346D5E5586D},2025 NIFS,38403685,,DEFAULT,,,,wildcade,15,15,ARAOC,,,,,,,,,,Undetermined,,,SK4L,,4/10/2025 10:30:00 PM,,,,,,,PA,1532,SACC,,,,,,GRACE,,WF,FI,36.503797,-96.334565,,,{2DE91046-E728-40E8-9A92-F941E231A6C0},,0,1,,,,,000941,firecode,,,,Osage,ARAOC,40113,BIA,OKOSA,,BIA,Federal,,,,,,,SA03,BIA,OKOSA,US-OK,,,,,,2025-OKOSA-000941,,No Decision,,,,4/11/2025 12:51:32 PM,4/11/2025 12:53:08 PM,IRWIN,1,0,,,{5168DA93-6700-42CC-80E9-E7C54F02FC7C},39903ca3-0bf2-458a-8501-745cd594536a,1.05052104117931E-05,0.0406882208565683,
38440,9143,Typical Tombre - Richland,Wildfire Daily Fire Perimeter,Auto-generated for InFORM,1,No,Public,Approved,Yes,4/11/2025 4:58:00 PM,4/11/2025 4:59:42 PM,4/11/2025 4:58:00 PM,{733FCC63-B43D-4F68-82B1-7F8D265D269B},,55.6247786859647,{8CD30D7B-D872-4657-BB09-A248844DDB6F},2025 NIFS,38403757,,DEFAULT,,,,wildcade,55.6,1,MTMCC,,,,,,,,,,Human,,,,,4/11/2025 12:00:00 AM,,,,,,,,,NRCC,,,,,,Typical Tombre - Richland,,WF,FI,47.411363,-104.359306,,,{733FCC63-B43D-4F68-82B1-7F8D265D269B},,0,,,,,,000111,wildcade,,,,Richland,MTMCC,30083,,,,Private,Private,,,,,,,NR16,C&L,MTLG27,US-MT,,,,,,2025-MTLG27-000111,,No Decision,,,,4/11/2025 4:57:35 PM,4/11/2025 4:59:57 PM,IRWIN,1,0,,,{CA54A5E0-320E-459E-8C4D-E911318EA564},5b6d03a8-10ad-4b76-bdbb-910b84a3a75d,2.68262006102304E-05,0.0270095398529355,
38470,9202,abc,Wildfire Daily Fire Perimeter,Auto-generated for InFORM,0.25,No,Public,Approved,Yes,4/11/2025 9:01:33 PM,4/11/2025 10:30:52 PM,4/11/2025 9:13:20 PM,{B0A3E575-7681-4933-A517-0A401947908F},,0.128639456651429,{503932BC-2868-4547-BD45-92DD3E6D7780},2025 NIFS,38403833,,DEFAULT,,,,iffrs,0.25,0.01,WIWISC,,,,,,,,,,Human,,,SK5V,,4/11/2025 5:00:00 AM,,,,,,,,,EACC,,,,,,Muscovy,,WF,FI,43.06375,-90.70523,,,{B0A3E575-7681-4933-A517-0A401947908F},,0,,,,,,FIRE123453,iffrs,,,,Grant,WIWIC,55043,,,,Private,Private,,,,,,,EA05,DNR,WIWIS,US-WI,,,,,,2025-WIWIS-FIRE123453,,No Decision,,,,4/11/2025 9:01:15 PM,4/12/2025 4:24:20 PM,IRWIN,1,0,,,{0F045674-DAAD-40BD-93A5-A541730EA922},cedfbadb-c731-410d-a6bf-54aff8f2c25c,5.75280409975676E-08,0.00210263641161287,
38472,9178,RX MCWA West,Prescribed Fire,Mixed Methods,281,No,Public,Approved,Yes,4/11/2025 7:32:15 PM,4/12/2025 2:26:49 AM,4/11/2025 7:32:14 PM,{8A9A52E7-21CF-4B94-8CD1-32A89801BC8D},,280.792836321277,{50496F50-6B7A-41A2-8050-4F143D32D860},2025 NIFS,38403684,,DEFAULT,,,,wildcade,256,,ARAOC,,,,,,,,,,Undetermined,,,,,4/11/2025 12:49:10 PM,,,,,,,,,SACC,,,,,,RX MCWA West,,RX,FI,34.327367,-94.72295,,,{8A9A52E7-21CF-4B94-8CD1-32A89801BC8D},,0,1,,,,,000940,wildcade,,,,McCurtain,ARAOC,40089,USFS,AROUF,,USFS,Federal,,,,,,,SA17A,USFS,AROUF,US-OK,,,,,,2025-AROUF-000940,,No Decision,,,,4/11/2025 12:49:37 PM,4/11/2025 7:31:58 PM,IRWIN,1,0,,,{0B5F8FCE-A23B-4494-962D-5A6C887DB2CE},72d9bcde-325e-4f9d-8779-7c9ceeba46fe,0.000111313216166309,0.0591859072833677,
38451,9159,CPED-RX FMZ09-20250410-01,Prescribed Fire,Hand Sketch,31.39,No,Public,Approved,Yes,4/11/2025 6:42:47 PM,4/11/2025 6:42:47 PM,4/10/2025 7:00:00 PM,{AFE7D4DE-B6E2-46EF-BBCB-D0A50FC7015B},,31.3922298758676,{3535784B-9F15-48B4-89F9-AEBC02E2DFB6},2025 NIFS,38403780,,DEFAULT,,,,INFORM_Inspector,31.4,31.4,NHNEC,,,,,,,,,,,,,,,4/11/2025 3:00:15 PM,,,,,,,,,EACC,,,,,,CPED-RX FMZ09-20250410-01,,RX,FI,,,,,{AFE7D4DE-B6E2-46EF-BBCB-D0A50FC7015B},,0,0,,,,,MAARNG-10,INFORM_Inspector,,,,Barnstable,NHNEC,25001,,,,DOD,Federal,,,,,,,EA23,FFC,MAMAS,US-MA,,,,,,2025-MAMAS-MAARNG-10,,No Decision,,,,4/11/2025 6:39:23 PM,4/11/2025 6:39:23 PM,IRWIN,1,0,,,{DE626F62-477C-4752-BFCA-2622B0045123},1f1199bb-5325-4375-aa6f-ad0a82e7d88b,1.37382560296828E-05,0.0183900974254958,
38463,9182,Horse,Wildfire Daily Fire Perimeter,Auto-generated for InFORM,0.8,No,Public,Approved,Yes,4/11/2025 7:43:09 PM,4/11/2025 9:32:32 PM,4/11/2025 7:43:09 PM,{7662914D-5F9D-46CB-90D0-8E0278397E9A},,3.96541927577926,{39C68770-9B52-4FC9-B880-3BEAA12B48FE},2025 NIFS,38403803,,DEFAULT,,,,wildcade,0.8,0.8,MNMNCC,,,,,,,,,,Undetermined,,,,,4/11/2025 6:24:00 PM,,,,,,,,,EACC,,,,,,Horse,,WF,FI,47.038935,-94.416373,,,{7662914D-5F9D-46CB-90D0-8E0278397E9A},,0,,,,,,000565,wildcade,,,,Cass,MNMNCC,27021,BIA,MNMNA,,BIA,Federal,,,,,,,EA01,DNR,MN1FS,US-MN,,,,,,2025-MN1FS-000565,,No Decision,,,,4/11/2025 7:42:57 PM,4/11/2025 7:42:57 PM,IRWIN,1,0,,,{D4679767-0F7D-4B94-8CCE-C4CED53B8B0C},d022558e-b730-44b8-983f-b4c615969258,1.71346528077265E-06,0.00688240501999171,
38460,9184,Duck,Wildfire Daily Fire Perimeter,Auto-generated for InFORM,40,No,Public,Approved,Yes,4/11/2025 7:52:39 PM,4/11/2025 9:02:36 PM,4/11/2025 7:52:39 PM,{9698BA97-09BF-42F2-AEDB-83021EC4F565},,39.6900007578597,{904089E0-CCF7-4452-83AA-1797C76AE14D},2025 NIFS,38403808,,DEFAULT,,,,wildcade,40,40,MTMCC,,,,,,,,,,Undetermined,,,SK5G,,4/11/2025 7:30:00 PM,,,,,,,,,NRCC,,,,,,Duck,,WF,FI,47.999833,-98.842033,,,{9698BA97-09BF-42F2-AEDB-83021EC4F565},,0,1,,,,,000115,firecode,,,,Benson,MTMCC,38005,BIA,NDFTA,,BIA,Federal,,,,,,,NR17,BIA,NDFTA,US-ND,,,,,,2025-NDFTA-000115,,No Decision,,,,4/11/2025 7:52:11 PM,4/11/2025 7:52:20 PM,IRWIN,1,0,,,{9C3B2CE8-9392-4E3A-B550-EFDC70FE92A4},29b2e02c-2d2f-4361-a2fd-c223bfcb7dfa,1.93566597772588E-05,0.0182805018843,
38475,9306,Sodus,Wildfire Daily Fire Perimeter,Auto-generated for InFORM,60,No,Public,Approved,Yes,4/12/2025 1:01:43 PM,4/12/2025 1:25:13 PM,4/12/2025 1:09:47 PM,{E486C18C-6DD0-47D9-B68E-52D2CF155B16},,78.465018175257,{344003F5-0F75-4DF2-8275-9E70DFBC0251},2025 NIFS,38403959,,DEFAULT,,,,wildcade,60,60,MNMNCC,,,,,,,,,,Undetermined,,,,,4/11/2025 8:30:00 PM,,,,,,,,,EACC,,,,,,Sodus,,WF,FI,44.297051,-95.840092,,,{E486C18C-6DD0-47D9-B68E-52D2CF155B16},,0,1,,,,,000579,INFORM_Inspector,,,,Lyon,MNMNCC,27083,,,,Private,Private,,,,,,,EA02,DNR,MN4XS,US-MN,,,,,,2025-MN4XS-000579,,No Decision,,,,4/12/2025 1:01:19 PM,4/12/2025 1:24:22 PM,IRWIN,1,0,,,{07792E91-75F8-4364-A017-58A632597D93},d7db8a3a-7e62-4412-a041-017542fa7185,3.58071170012408E-05,0.027310965531857,
38481,9337,Big 10,Wildfire Daily Fire Perimeter,Auto-generated for InFORM,3.1,No,Public,Approved,Yes,4/12/2025 4:52:46 PM,4/12/2025 5:47:22 PM,4/12/2025 5:13:05 PM,{3669CB05-C26D-4B3C-9C69-122B63480150},,3.08168335035038,{4FC30D88-15C7-4A96-B791-FC809DA4B8A7},2025 NIFS,38404020,,DEFAULT,,,,iffrs,3.1,0.1,WIWISC,,,,,,,,,,Human,,,SK66,,4/12/2025 5:00:00 AM,,,,,,,,,EACC,,,,,,Big 10,,WF,FI,43.89097,-90.11077,,,{3669CB05-C26D-4B3C-9C69-122B63480150},,0,,,,,,FIRE123469,iffrs,,,,Juneau,WIWIC,55057,,,,Private,Private,,,,,,,EA05,DNR,WIWIS,US-WI,,,,,,2025-WIWIS-FIRE123469,,No Decision,,,,4/12/2025 4:52:21 PM,4/12/2025 7:28:07 PM,IRWIN,1,0,,,{6D55345F-7713-46DC-B430-BAB0CA085F4A},9d09667f-f5e6-4916-8d4d-2f6dc27ad40d,1.39687426781165E-06,0.00507156096506409,
38482,9336,Still Fire,Wildfire Daily Fire Perimeter,Mixed Methods,0.037,No,Public,Approved,Yes,4/12/2025 4:49:06 PM,4/12/2025 7:04:13 PM,,{2B678FE4-A5D9-46F4-9F8A-CC30DDBF5ACC},,0.03825210997645,{E5BDC18F-A8C8-40BA-8170-4B2242972C77},2025 NIFS,38404013,,DEFAULT,,,,iffrs,0.04,0.1,WIWISC,,,,,,,,,,Human,,,SK62,,4/12/2025 5:00:00 AM,,,,,,,,,EACC,,,,,,Still,,WF,FI,45.3179,-88.14391,,,{2B678FE4-A5D9-46F4-9F8A-CC30DDBF5ACC},,0,,,,,,FIRE123465,iffrs,,,,Marinette,WIWIC,55075,,,,Private,Private,,,,,,,EA04,DNR,WIWIS,US-WI,,,,,,2025-WIWIS-FIRE123465,,No Decision,,,,4/12/2025 4:12:35 PM,4/12/2025 7:15:59 PM,IRWIN,1,0,,,{CB38CEB6-955C-485D-9CA3-B4218500BA0F},7fd0e604-2d52-4ee5-86c3-f371336537b2,1.77635683940025E-08,0.000706421663329502,
38484,9368,Fill Fire,Wildfire Daily Fire Perimeter,Mixed Methods,,No,Public,Approved,Yes,4/12/2025 6:07:39 PM,4/12/2025 7:18:05 PM,,{EA243EF8-2FAC-4871-B450-5ACA3AC14A25},,2.04010948088103,{247AC733-7E78-4103-9D9C-C0F6A533A5AA},2025 NIFS,38404032,,DEFAULT,,,,iffrs,2,1,WIWISC,,,,,,,,,,Human,,,SK7B,,4/12/2025 5:00:00 AM,,,,,,,,,EACC,,,,,,Fill,,WF,FI,45.07689,-88.42475,,,{EA243EF8-2FAC-4871-B450-5ACA3AC14A25},,0,,,,,,FIRE123474,iffrs,,,,Oconto,WIWIC,55083,,,,Private,Private,,,,,,,EA06,DNR,WIWIS,US-WI,,,,,,2025-WIWIS-FIRE123474,,No Decision,,,,4/12/2025 5:32:02 PM,4/12/2025 6:39:54 PM,IRWIN,1,0,,,{F3CF7E25-F795-4391-ADA5-AE59190999DC},56df9cbd-d303-435c-bfb6-858c4fa2cc30,9.41270400289795E-07,0.00382057257668636,
38485,9379,Shorty,Wildfire Daily Fire Perimeter,Auto-generated for InFORM,0.45,No,Public,Approved,Yes,4/12/2025 6:36:43 PM,4/12/2025 7:21:35 PM,4/12/2025 6:36:43 PM,{B99BF886-CFE2-4AE2-950D-48B03DE3F250},,0.450676721186345,{326D1D57-DAC3-4E95-BAE3-7294FE8744EF},2025 NIFS,38404067,,DEFAULT,,,,iffrs,0.45,0.01,WIWISC,,,,,,,,,,Human,,,SK7P,,4/12/2025 5:00:00 AM,,,,,,,,,EACC,,,,,,Shorty,,WF,FI,43.98499,-90.03464,,,{B99BF886-CFE2-4AE2-950D-48B03DE3F250},,0,,,,,,FIRE123481,iffrs,,,,Juneau,WIWIC,55057,,,,Private,Private,,,,,,,EA05,DNR,WIWIS,US-WI,,,,,,2025-WIWIS-FIRE123481,,No Decision,,,,4/12/2025 6:36:22 PM,4/12/2025 7:24:33 PM,IRWIN,1,0,,,{7C42F70D-A9B6-41D1-85FD-94F9B3B04EC7},406a6771-3a2e-4c19-971f-abd53708d0b9,2.04602201847592E-07,0.00171203109650011,
38492,9386,abc,Wildfire Daily Fire Perimeter,Auto-generated for InFORM,10,No,Public,Approved,Yes,4/12/2025 7:13:28 PM,4/12/2025 8:39:13 PM,4/12/2025 8:03:15 PM,{071E04AB-8752-4904-9551-B5909B1D15FD},,2.3517070523324,{0CBE5029-5D0E-44D9-A00A-BE09334310FC},2025 NIFS,38404076,,DEFAULT,,,,iffrs,2.5,0.01,WIWISC,,,,,,,,,,Human,,,SK7V,,4/12/2025 5:00:00 AM,,,,,,,,,EACC,,,,,,Grebe,,WF,FI,43.0487,-91.10734,,,{071E04AB-8752-4904-9551-B5909B1D15FD},,0,,,,,,FIRE123485,iffrs,,,,Crawford,WIWIC,55023,,,,Private,Private,,,,,,,EA05,DNR,WIWIS,US-WI,,,,,,2025-WIWIS-FIRE123485,,No Decision,,,,4/12/2025 7:13:05 PM,4/12/2025 8:52:16 PM,IRWIN,1,0,,,{D1203719-1947-4A82-9494-811D62D49E28},838494ed-ee02-40ea-896c-0b3a8e082fe1,1.05141589301638E-06,0.00606802961488828,
38493,9427,Ottawa,Wildfire Daily Fire Perimeter,Mixed Methods,,No,Public,Approved,Yes,4/12/2025 7:44:04 PM,4/12/2025 8:58:14 PM,,{E8375A9F-A14A-482D-B392-13F26B5DED2F},,0.0277592275080394,{D5C991D1-4DA7-4A98-B5E0-A8EE1D9FF5D7},2025 NIFS,38404082,,DEFAULT,,,,iffrs,0.03,0.01,WIWISC,,,,,,,,,,Human,,,SK71,,4/12/2025 5:00:00 AM,,,,,,,,,EACC,,,,,,Ottawa,,WF,FI,45.9766,-89.8904,,,{E8375A9F-A14A-482D-B392-13F26B5DED2F},,0,,,,,,FIRE123488,iffrs,,,,Vilas,WIWIC,55125,,,,Private,Private,,,,,,,EA04,DNR,WIWIS,US-WI,,,,,,2025-WIWIS-FIRE123488,,No Decision,,,,4/12/2025 7:31:33 PM,4/12/2025 7:51:52 PM,IRWIN,1,0,,,{12AE646E-C36D-4047-821A-512FE5CA5AF0},a7a1c59d-e057-4474-85a2-26d58a50a343,1.30416992760729E-08,0.000549331030627484,
38494,9397,News Fire,Wildfire Daily Fire Perimeter,Mixed Methods,,No,Public,Approved,Yes,4/12/2025 7:15:49 PM,4/12/2025 8:56:49 PM,,{E360E626-CDFB-45BC-AB40-A77D1AF06692},,0.199723631573837,{888CE459-9DC0-4E6C-ACE0-E2549F7DCF1D},2025 NIFS,38404070,,DEFAULT,,,,iffrs,0.02,0.01,WIWISC,,,,,,,,,,Human,,,SK7R,,4/12/2025 5:00:00 AM,,,,,,,,,EACC,,,,,,News,,WF,FI,45.97142,-89.88689,,,{E360E626-CDFB-45BC-AB40-A77D1AF06692},,0,,,,,,FIRE123482,iffrs,,,,Vilas,WIWIC,55125,BIA,WIGLA,,BIA,Federal,,,,,,,EA04,DNR,WIWIS,US-WI,,,,,,2025-WIWIS-FIRE123482,,No Decision,,,,4/12/2025 6:47:54 PM,4/12/2025 7:29:26 PM,IRWIN,1,0,,,{91FB5BF8-55FC-43A5-92EB-D7E452053781},d1d63d52-672b-4d86-9348-1368f744d509,9.3824382929597E-08,0.00130530872320719,
38489,9415,Blue,Wildfire Daily Fire Perimeter,Hand Sketch,0.33,No,Public,Approved,Yes,4/12/2025 8:18:39 PM,4/12/2025 8:18:39 PM,4/12/2025 8:18:38 PM,{65FD510D-635E-40BE-B3AF-AA2B300BD25B},,0.332669271556128,{832D608B-D412-41AF-91F8-A9603E59B98C},2025 NIFS,38404012,,DEFAULT,,,,wildcade,0.25,0.25,MNMNCC,,,,,,,,,,Undetermined,,,,,4/12/2025 3:58:03 PM,,,,,,,,,EACC,,,,,,Blue,,WF,FI,46.616933,-94.236429,,,{65FD510D-635E-40BE-B3AF-AA2B300BD25B},,0,,,,,,000583,wildcade,,,,Crow Wing,MNMNCC,27035,,,,Private,Private,,,,,,,EA01,DNR,MN1FS,US-MN,,,,,,2025-MN1FS-000583,,No Decision,,,,4/12/2025 4:09:01 PM,4/12/2025 4:18:22 PM,IRWIN,1,0,,,{4DA543DE-84D2-4786-B47C-223D007137A7},483e8a40-dae4-4864-8dbd-86e42667eb1f,1.58109287440311E-07,0.00193999805353045,
38483,9381,Woodpile,Wildfire Daily Fire Perimeter,Mixed Methods,,No,Public,Approved,Yes,4/12/2025 6:42:58 PM,4/12/2025 7:11:02 PM,,{8BD9D592-065B-467F-A437-BEF0B8BC6821},,0.142100643025717,{815D912F-8112-45B9-AF76-E97BE04C1A55},2025 NIFS,38404055,,DEFAULT,,,,iffrs,0.14,0.01,WIWISC,,,,,,,,,,Human,,,SK7G,,4/12/2025 5:50:00 PM,,,,,,,,,EACC,,,,,,Woodpile,,WF,FI,45.5112,-89.83264,,,{8BD9D592-065B-467F-A437-BEF0B8BC6821},,0,,,,,,FIRE123477,iffrs,,,,Lincoln,WIWIC,55069,,,,Private,Private,,,,,,,EA04,DNR,WIWIS,US-WI,,,,,,2025-WIWIS-FIRE123477,,No Decision,,,,4/12/2025 6:05:04 PM,4/12/2025 8:07:47 PM,IRWIN,1,0,,,{69B5838F-C66C-47C4-924E-DF46A4D6C171},1791c6ce-d547-41c2-8557-20b1f8716c2f,6.62153070152272E-08,0.00128751024996894,
